epoch,time,train/box_loss,train/cls_loss,train/dfl_loss,metrics/precision(B),metrics/recall(B),metrics/mAP50(B),metrics/mAP50-95(B),val/box_loss,val/cls_loss,val/dfl_loss,lr/pg0,lr/pg1,lr/pg2
1,599.647,1.73573,1.81347,2.00617,0.7238,0.68066,0.71245,0.39167,1.5818,1.4654,1.83229,0.0667547,3.32786e-05,3.32786e-05
2,1150.53,1.53222,1.21478,1.83176,0.71816,0.80516,0.82593,0.47029,1.45762,1.07215,1.7372,0.0334545,6.648e-05,6.648e-05
3,1681.78,1.4577,1.05158,1.75166,0.76838,0.81851,0.83678,0.47558,1.43933,1.0478,1.70822,0.000154284,9.95495e-05,9.95495e-05
4,2207.87,1.40693,0.95788,1.71898,0.83594,0.78505,0.86367,0.50406,1.46681,0.93773,1.72457,9.9406e-05,9.9406e-05,9.9406e-05
5,2733.81,1.36165,0.85982,1.67529,0.86313,0.81804,0.8808,0.51968,1.42796,0.87631,1.71006,9.9208e-05,9.9208e-05,9.9208e-05
6,3259.08,1.33145,0.8199,1.64494,0.85936,0.84278,0.8994,0.53616,1.42419,0.83503,1.66752,9.901e-05,9.901e-05,9.901e-05
7,3784.64,1.27918,0.76175,1.5993,0.84921,0.87949,0.91132,0.55639,1.3756,0.8,1.64234,9.8812e-05,9.8812e-05,9.8812e-05
8,4309.29,1.25822,0.72653,1.57821,0.90758,0.86316,0.94796,0.58865,1.36087,0.7174,1.6349,9.8614e-05,9.8614e-05,9.8614e-05
9,4833.71,1.22739,0.68987,1.55213,0.89299,0.85381,0.93502,0.56388,1.40705,0.72009,1.66364,9.8416e-05,9.8416e-05,9.8416e-05
10,5357.07,1.19241,0.65766,1.52218,0.85812,0.8775,0.92083,0.55654,1.39185,0.79617,1.67729,9.8218e-05,9.8218e-05,9.8218e-05
11,5879.42,1.16728,0.63865,1.49843,0.85423,0.86934,0.92779,0.57635,1.33878,0.73291,1.63374,9.802e-05,9.802e-05,9.802e-05
12,6402.08,1.14988,0.60953,1.48942,0.84271,0.88727,0.91669,0.57267,1.37271,0.76457,1.6556,9.7822e-05,9.7822e-05,9.7822e-05
13,6923.94,1.12351,0.58413,1.46534,0.92777,0.86927,0.94436,0.57784,1.39834,0.65849,1.67743,9.7624e-05,9.7624e-05,9.7624e-05
14,7483.15,1.11484,0.58304,1.45453,0.92672,0.886,0.94238,0.5926,1.35967,0.65609,1.64394,9.7426e-05,9.7426e-05,9.7426e-05
15,8009.01,1.07353,0.56317,1.42546,0.87038,0.89706,0.93834,0.57941,1.37775,0.66988,1.66738,9.7228e-05,9.7228e-05,9.7228e-05
16,8531.94,1.05379,0.54732,1.40184,0.87649,0.90812,0.94295,0.58137,1.36734,0.68051,1.68007,9.703e-05,9.703e-05,9.703e-05
17,9054.53,1.0426,0.52984,1.39585,0.9026,0.90167,0.95389,0.57485,1.3991,0.62803,1.70504,9.6832e-05,9.6832e-05,9.6832e-05
18,9577.58,1.02151,0.51554,1.3799,0.94029,0.86447,0.95226,0.57949,1.406,0.645,1.71305,9.6634e-05,9.6634e-05,9.6634e-05
19,10100.3,0.99982,0.50614,1.35792,0.91659,0.86144,0.93675,0.58234,1.35315,0.62814,1.64776,9.6436e-05,9.6436e-05,9.6436e-05
20,10623,0.98113,0.48687,1.346,0.9035,0.88568,0.93726,0.5856,1.38085,0.6533,1.71165,9.6238e-05,9.6238e-05,9.6238e-05
21,11145.8,0.96003,0.48508,1.33157,0.92228,0.91029,0.95131,0.57867,1.40331,0.6243,1.74386,9.604e-05,9.604e-05,9.604e-05
22,11668.8,0.95591,0.47827,1.32492,0.90578,0.89698,0.93459,0.57362,1.40409,0.63632,1.72096,9.5842e-05,9.5842e-05,9.5842e-05
23,12191.2,0.92087,0.46091,1.29947,0.88619,0.9225,0.95035,0.59322,1.39222,0.63003,1.70489,9.5644e-05,9.5644e-05,9.5644e-05
24,12715.7,0.91679,0.45644,1.28971,0.9125,0.90397,0.94855,0.59288,1.37918,0.62214,1.71262,9.5446e-05,9.5446e-05,9.5446e-05
25,13238.2,0.90033,0.44586,1.28091,0.91543,0.91201,0.93567,0.56303,1.41486,0.64199,1.76622,9.5248e-05,9.5248e-05,9.5248e-05
26,13761.3,0.88115,0.43467,1.26857,0.92402,0.85916,0.93671,0.58111,1.38436,0.66863,1.75237,9.505e-05,9.505e-05,9.505e-05
27,14284.2,0.8765,0.42817,1.25872,0.92046,0.92064,0.94812,0.57887,1.41394,0.62952,1.7564,9.4852e-05,9.4852e-05,9.4852e-05
28,14807.1,0.86842,0.42335,1.25231,0.92867,0.89614,0.94188,0.59367,1.41006,0.61156,1.78388,9.4654e-05,9.4654e-05,9.4654e-05
29,15329.6,0.85238,0.42099,1.2443,0.90301,0.89325,0.93995,0.57837,1.42194,0.65308,1.81276,9.4456e-05,9.4456e-05,9.4456e-05
30,15852.6,0.83732,0.41541,1.22777,0.91154,0.88258,0.93618,0.57764,1.40835,0.66707,1.81096,9.4258e-05,9.4258e-05,9.4258e-05
31,16375.4,0.83255,0.40742,1.22445,0.90874,0.88967,0.9327,0.58222,1.38377,0.62875,1.77498,9.406e-05,9.406e-05,9.406e-05
32,16897.9,0.81441,0.40196,1.2107,0.91947,0.91789,0.94456,0.59026,1.38134,0.63781,1.77288,9.3862e-05,9.3862e-05,9.3862e-05
33,17420.3,0.81235,0.39645,1.2078,0.90716,0.90091,0.94621,0.59543,1.39954,0.61975,1.79552,9.3664e-05,9.3664e-05,9.3664e-05
34,17945.6,0.80032,0.39321,1.19476,0.92705,0.87983,0.9482,0.59158,1.40488,0.63375,1.7901,9.3466e-05,9.3466e-05,9.3466e-05
35,18468.3,0.78302,0.38203,1.18334,0.92689,0.88923,0.95012,0.60545,1.35666,0.64188,1.74895,9.3268e-05,9.3268e-05,9.3268e-05
36,18992.9,0.7827,0.38823,1.1834,0.93792,0.82865,0.92889,0.58006,1.38209,0.69852,1.78555,9.307e-05,9.307e-05,9.307e-05
37,19516.3,0.76402,0.38264,1.17179,0.92371,0.90629,0.94199,0.58651,1.40841,0.61759,1.84721,9.2872e-05,9.2872e-05,9.2872e-05
38,20039.1,0.75978,0.37488,1.17081,0.91859,0.8856,0.94511,0.5862,1.40679,0.64596,1.83286,9.2674e-05,9.2674e-05,9.2674e-05
39,20561.4,0.75352,0.37386,1.16511,0.90731,0.87966,0.93669,0.5801,1.40967,0.64736,1.84307,9.2476e-05,9.2476e-05,9.2476e-05
40,21084.2,0.74185,0.36854,1.14983,0.91003,0.90737,0.96115,0.60248,1.38917,0.61648,1.81811,9.2278e-05,9.2278e-05,9.2278e-05
41,21606.2,0.72946,0.36149,1.14366,0.90799,0.90922,0.9486,0.58742,1.40006,0.62977,1.87146,9.208e-05,9.208e-05,9.208e-05
42,22128.2,0.72522,0.35477,1.13743,0.91575,0.91898,0.94534,0.5889,1.42934,0.61943,1.89913,9.1882e-05,9.1882e-05,9.1882e-05
43,22649.7,0.71659,0.35201,1.13122,0.93202,0.88496,0.93522,0.5845,1.39775,0.64113,1.88494,9.1684e-05,9.1684e-05,9.1684e-05
44,23171.7,0.71122,0.35041,1.12453,0.91875,0.8989,0.94243,0.57918,1.44408,0.63502,1.91035,9.1486e-05,9.1486e-05,9.1486e-05
45,23693,0.70499,0.35183,1.12246,0.87682,0.89786,0.92938,0.55928,1.4485,0.64445,1.90685,9.1288e-05,9.1288e-05,9.1288e-05
46,24215.3,0.69536,0.34724,1.11463,0.8934,0.88588,0.9419,0.58628,1.40621,0.68181,1.88146,9.109e-05,9.109e-05,9.109e-05
47,24736.6,0.69125,0.34106,1.11436,0.89244,0.90474,0.93021,0.57311,1.37503,0.6628,1.82882,9.0892e-05,9.0892e-05,9.0892e-05
48,25258.7,0.68517,0.34419,1.1105,0.9096,0.89072,0.93521,0.57771,1.42703,0.69488,1.90234,9.0694e-05,9.0694e-05,9.0694e-05
49,25780.6,0.68076,0.33789,1.10327,0.91741,0.85879,0.93706,0.57793,1.41469,0.65842,1.87014,9.0496e-05,9.0496e-05,9.0496e-05
50,26302.3,0.66935,0.33745,1.09371,0.92016,0.89813,0.94227,0.58359,1.41052,0.63981,1.9169,9.0298e-05,9.0298e-05,9.0298e-05
51,26824.1,0.66367,0.32885,1.09274,0.93406,0.90788,0.94337,0.58422,1.42576,0.63222,1.93838,9.01e-05,9.01e-05,9.01e-05
52,27345.9,0.66654,0.32571,1.0927,0.94206,0.89149,0.94635,0.59393,1.3981,0.65902,1.8803,8.9902e-05,8.9902e-05,8.9902e-05
53,27867.8,0.64891,0.32145,1.07696,0.92562,0.89943,0.94814,0.5883,1.41684,0.62737,1.91376,8.9704e-05,8.9704e-05,8.9704e-05
54,28389.8,0.64361,0.32396,1.07298,0.91628,0.90087,0.94715,0.58598,1.41512,0.6515,1.9397,8.9506e-05,8.9506e-05,8.9506e-05
55,28911.8,0.64166,0.322,1.07559,0.91989,0.92637,0.96127,0.59523,1.41505,0.60241,1.90228,8.9308e-05,8.9308e-05,8.9308e-05
56,29434.3,0.63647,0.3187,1.07231,0.90379,0.91967,0.94894,0.58322,1.43552,0.61351,1.95514,8.911e-05,8.911e-05,8.911e-05
57,29956.4,0.6297,0.31149,1.06785,0.90248,0.90554,0.94061,0.58999,1.40243,0.65274,1.90997,8.8912e-05,8.8912e-05,8.8912e-05
58,30478.9,0.63296,0.31605,1.06948,0.90762,0.91927,0.95136,0.58621,1.43026,0.62523,1.92981,8.8714e-05,8.8714e-05,8.8714e-05
59,31000.9,0.61697,0.31037,1.05805,0.93976,0.87513,0.94435,0.59578,1.41333,0.63961,1.9448,8.8516e-05,8.8516e-05,8.8516e-05
60,31523.2,0.61902,0.30799,1.05707,0.91948,0.92136,0.94747,0.59704,1.41156,0.66892,1.91981,8.8318e-05,8.8318e-05,8.8318e-05
61,32045.9,0.62012,0.31013,1.05821,0.91065,0.90862,0.94911,0.59863,1.42188,0.65243,1.93465,8.812e-05,8.812e-05,8.812e-05
62,32568.6,0.61054,0.31503,1.05363,0.90085,0.91609,0.95026,0.60219,1.39195,0.64191,1.91981,8.7922e-05,8.7922e-05,8.7922e-05
63,33091.3,0.60841,0.30292,1.0531,0.89815,0.90053,0.94539,0.59881,1.40788,0.66177,1.92666,8.7724e-05,8.7724e-05,8.7724e-05
64,33614.4,0.59726,0.29696,1.04624,0.88639,0.92223,0.94691,0.60005,1.3973,0.65577,1.93352,8.7526e-05,8.7526e-05,8.7526e-05
65,34164.3,0.59186,0.30074,1.03747,0.89591,0.92038,0.94311,0.59847,1.40734,0.6471,1.96077,8.7328e-05,8.7328e-05,8.7328e-05
66,34687.3,0.59238,0.30094,1.03916,0.9359,0.87953,0.95323,0.60432,1.38169,0.65047,1.90786,8.713e-05,8.713e-05,8.713e-05
67,35210.3,0.58363,0.2942,1.03117,0.90366,0.88578,0.93912,0.59516,1.41191,0.66344,1.94141,8.6932e-05,8.6932e-05,8.6932e-05
68,35733.3,0.58012,0.29846,1.03223,0.92347,0.91001,0.95184,0.59723,1.41332,0.635,1.96331,8.6734e-05,8.6734e-05,8.6734e-05
69,36256.1,0.58045,0.29415,1.02863,0.89709,0.89261,0.95228,0.60171,1.38165,0.6662,1.9257,8.6536e-05,8.6536e-05,8.6536e-05
70,36779.1,0.57786,0.29019,1.02681,0.94771,0.88291,0.95327,0.59982,1.38598,0.60431,1.93961,8.6338e-05,8.6338e-05,8.6338e-05
71,37302,0.5681,0.29,1.01907,0.91102,0.89713,0.95045,0.59388,1.38907,0.64256,1.94792,8.614e-05,8.614e-05,8.614e-05
72,37825.2,0.5685,0.29067,1.02143,0.90259,0.91598,0.95396,0.60017,1.39001,0.61635,1.95346,8.5942e-05,8.5942e-05,8.5942e-05
73,38347.7,0.56113,0.28392,1.01637,0.8947,0.89367,0.94495,0.59458,1.39394,0.62745,1.95726,8.5744e-05,8.5744e-05,8.5744e-05
74,38870.6,0.56209,0.28365,1.01503,0.91168,0.90779,0.95055,0.59324,1.39481,0.60841,1.98858,8.5546e-05,8.5546e-05,8.5546e-05
75,39393.6,0.55286,0.28435,1.00972,0.89752,0.89785,0.94889,0.6063,1.37766,0.60696,1.95337,8.5348e-05,8.5348e-05,8.5348e-05
76,39919.2,0.55372,0.28193,1.01454,0.91438,0.90435,0.93655,0.59656,1.40744,0.6531,1.97735,8.515e-05,8.515e-05,8.515e-05
77,40442,0.55035,0.28322,1.0047,0.92323,0.8933,0.9453,0.59592,1.40098,0.64838,1.98491,8.4952e-05,8.4952e-05,8.4952e-05
78,40965,0.5447,0.28315,1.0072,0.9108,0.92672,0.95783,0.61033,1.39313,0.6185,1.94868,8.4754e-05,8.4754e-05,8.4754e-05
79,41489.6,0.54424,0.27349,1.00287,0.91601,0.89911,0.94326,0.59834,1.40073,0.64579,2.03404,8.4556e-05,8.4556e-05,8.4556e-05
80,42012.8,0.54438,0.28286,1.00454,0.9289,0.90041,0.95709,0.60472,1.39471,0.64219,2.00109,8.4358e-05,8.4358e-05,8.4358e-05
81,42535.5,0.53696,0.27554,1.00195,0.92552,0.8965,0.95858,0.60589,1.3937,0.63653,1.99444,8.416e-05,8.416e-05,8.416e-05
82,43058.6,0.54011,0.27283,0.9976,0.93333,0.87801,0.94884,0.59983,1.40053,0.67519,2.0152,8.3962e-05,8.3962e-05,8.3962e-05
83,43581.4,0.53077,0.27464,0.99396,0.92251,0.91193,0.95043,0.597,1.4009,0.64919,2.02649,8.3764e-05,8.3764e-05,8.3764e-05
84,44116.5,0.522,0.26584,0.98886,0.90633,0.90452,0.95003,0.60132,1.40126,0.63212,2.02672,8.3566e-05,8.3566e-05,8.3566e-05
85,44664.4,0.52062,0.26625,0.98997,0.93685,0.87894,0.94699,0.59373,1.41619,0.65815,2.04745,8.3368e-05,8.3368e-05,8.3368e-05
86,45188,0.52429,0.26757,0.98934,0.91806,0.88578,0.94722,0.59923,1.39582,0.64091,2.00839,8.317e-05,8.317e-05,8.317e-05
87,45711.2,0.51564,0.26249,0.98389,0.93509,0.86031,0.94386,0.59689,1.40853,0.62914,2.03539,8.2972e-05,8.2972e-05,8.2972e-05
88,46233.9,0.52392,0.26598,0.9918,0.93869,0.89911,0.95554,0.5987,1.41697,0.61996,2.04096,8.2774e-05,8.2774e-05,8.2774e-05
89,46756.8,0.5084,0.26468,0.97601,0.92018,0.91497,0.95329,0.59891,1.4225,0.62722,2.06519,8.2576e-05,8.2576e-05,8.2576e-05
90,47279.9,0.50794,0.26347,0.97748,0.91962,0.90218,0.95509,0.59697,1.4193,0.63127,2.04982,8.2378e-05,8.2378e-05,8.2378e-05
91,47802.8,0.50982,0.2613,0.98036,0.91347,0.90417,0.94855,0.60506,1.41117,0.64305,2.03998,8.218e-05,8.218e-05,8.218e-05
92,48326.4,0.51352,0.2674,0.98263,0.92457,0.9111,0.95069,0.59434,1.41628,0.62783,2.0425,8.1982e-05,8.1982e-05,8.1982e-05
93,48849,0.49694,0.25579,0.97693,0.93977,0.88967,0.94828,0.59506,1.42205,0.63136,2.06127,8.1784e-05,8.1784e-05,8.1784e-05
94,49372.5,0.50101,0.25963,0.97202,0.92629,0.91266,0.95514,0.60069,1.41858,0.64678,2.04088,8.1586e-05,8.1586e-05,8.1586e-05
95,49895.1,0.49479,0.25444,0.96887,0.93528,0.89624,0.94601,0.59836,1.41984,0.63665,2.03952,8.1388e-05,8.1388e-05,8.1388e-05
96,50418.2,0.49905,0.25849,0.97134,0.92033,0.91304,0.95481,0.60317,1.40551,0.61989,2.02897,8.119e-05,8.119e-05,8.119e-05
97,50941.4,0.4937,0.25784,0.96975,0.92614,0.91493,0.95698,0.60865,1.40194,0.60547,2.02133,8.0992e-05,8.0992e-05,8.0992e-05
98,51464.4,0.48824,0.25729,0.9689,0.92169,0.92598,0.9484,0.60671,1.39737,0.61526,2.02347,8.0794e-05,8.0794e-05,8.0794e-05
99,51987.5,0.49318,0.25802,0.97197,0.9112,0.93097,0.95698,0.60933,1.39184,0.61592,2.02526,8.0596e-05,8.0596e-05,8.0596e-05
100,52510.7,0.487,0.25412,0.96423,0.91404,0.91897,0.95572,0.60989,1.39133,0.59003,2.02745,8.0398e-05,8.0398e-05,8.0398e-05
101,53034.1,0.49388,0.25832,0.96785,0.92665,0.92934,0.95633,0.61255,1.39703,0.58204,2.0442,8.02e-05,8.02e-05,8.02e-05
102,53561.7,0.47266,0.24721,0.9578,0.92806,0.91749,0.9542,0.61036,1.40339,0.61359,2.07837,8.0002e-05,8.0002e-05,8.0002e-05
103,54084.9,0.47832,0.25049,0.96207,0.92522,0.91751,0.9574,0.60325,1.40953,0.62439,2.07645,7.9804e-05,7.9804e-05,7.9804e-05
104,54608.4,0.47343,0.24664,0.95877,0.94363,0.90165,0.9527,0.60429,1.41137,0.60334,2.08313,7.9606e-05,7.9606e-05,7.9606e-05
105,55131.5,0.47385,0.25128,0.95743,0.93656,0.9035,0.95553,0.60368,1.4295,0.6364,2.10226,7.9408e-05,7.9408e-05,7.9408e-05
106,55655.6,0.46528,0.2474,0.95296,0.93495,0.89875,0.95868,0.60825,1.4199,0.62833,2.09019,7.921e-05,7.921e-05,7.921e-05
107,56178.6,0.46735,0.24586,0.95343,0.9293,0.89558,0.95991,0.60584,1.41759,0.63459,2.08174,7.9012e-05,7.9012e-05,7.9012e-05
108,56702.2,0.46377,0.24539,0.95027,0.92113,0.89777,0.95678,0.60363,1.40092,0.62782,2.06296,7.8814e-05,7.8814e-05,7.8814e-05
109,57225.3,0.45958,0.24181,0.94997,0.8951,0.91459,0.95037,0.60118,1.40076,0.63185,2.05965,7.8616e-05,7.8616e-05,7.8616e-05
110,57749,0.46186,0.24346,0.94431,0.9298,0.88135,0.95444,0.60517,1.39901,0.64284,2.05545,7.8418e-05,7.8418e-05,7.8418e-05
111,58272.4,0.46376,0.24288,0.94743,0.91592,0.89152,0.95741,0.60884,1.39924,0.62801,2.06891,7.822e-05,7.822e-05,7.822e-05
112,58796.3,0.46645,0.24505,0.95084,0.9325,0.88796,0.95551,0.60623,1.4032,0.62492,2.0776,7.8022e-05,7.8022e-05,7.8022e-05
113,59319.4,0.45546,0.23875,0.94569,0.93489,0.88017,0.95399,0.60545,1.40328,0.63366,2.0874,7.7824e-05,7.7824e-05,7.7824e-05
114,59842.8,0.44819,0.23726,0.93992,0.93805,0.88762,0.95679,0.61071,1.40155,0.62512,2.08359,7.7626e-05,7.7626e-05,7.7626e-05
115,60366.4,0.45277,0.23987,0.94107,0.93456,0.90625,0.95765,0.61154,1.39704,0.63872,2.07622,7.7428e-05,7.7428e-05,7.7428e-05
116,60890.1,0.4472,0.23798,0.93961,0.93475,0.90346,0.9537,0.60538,1.4022,0.61726,2.0791,7.723e-05,7.723e-05,7.723e-05
117,61413.3,0.44459,0.23395,0.93435,0.93762,0.88578,0.95207,0.60686,1.4094,0.614,2.09415,7.7032e-05,7.7032e-05,7.7032e-05
118,61937.3,0.44774,0.23467,0.93871,0.92062,0.91654,0.95456,0.60266,1.41606,0.625,2.10394,7.6834e-05,7.6834e-05,7.6834e-05
119,62461,0.44275,0.23235,0.93064,0.93878,0.90309,0.95429,0.60395,1.42138,0.62975,2.12225,7.6636e-05,7.6636e-05,7.6636e-05
120,62984.9,0.44898,0.23637,0.94171,0.94131,0.88979,0.95393,0.60218,1.4202,0.64081,2.12275,7.6438e-05,7.6438e-05,7.6438e-05
121,63511.5,0.44282,0.23432,0.93634,0.92529,0.90485,0.95288,0.60471,1.4209,0.64116,2.1195,7.624e-05,7.624e-05,7.624e-05
122,64044,0.44098,0.23001,0.93377,0.94625,0.89082,0.95351,0.60322,1.42045,0.6444,2.12164,7.6042e-05,7.6042e-05,7.6042e-05
123,64572.4,0.43672,0.23228,0.93177,0.93402,0.89727,0.95305,0.6066,1.41193,0.63678,2.12944,7.5844e-05,7.5844e-05,7.5844e-05
124,65096.1,0.43705,0.22978,0.93293,0.92131,0.91216,0.95593,0.60502,1.40934,0.62331,2.12965,7.5646e-05,7.5646e-05,7.5646e-05
125,65619.8,0.42912,0.22639,0.92878,0.92827,0.90858,0.95414,0.60552,1.40668,0.6258,2.13214,7.5448e-05,7.5448e-05,7.5448e-05
126,66143,0.43362,0.2257,0.93021,0.94313,0.88894,0.95507,0.60911,1.40196,0.6235,2.12603,7.525e-05,7.525e-05,7.525e-05
127,66666.5,0.43176,0.22468,0.93024,0.91803,0.91441,0.95924,0.60794,1.39708,0.61891,2.11352,7.5052e-05,7.5052e-05,7.5052e-05
128,67189.8,0.42338,0.22932,0.92124,0.93417,0.90484,0.95829,0.60814,1.40064,0.59932,2.12164,7.4854e-05,7.4854e-05,7.4854e-05
129,67713.5,0.42697,0.22525,0.92849,0.93867,0.90795,0.95827,0.61096,1.40456,0.60319,2.12799,7.4656e-05,7.4656e-05,7.4656e-05
130,68236.9,0.42754,0.22972,0.92828,0.94593,0.90888,0.95876,0.60767,1.40806,0.60789,2.13463,7.4458e-05,7.4458e-05,7.4458e-05
131,68760.3,0.42504,0.22628,0.924,0.94081,0.90254,0.95977,0.61165,1.40567,0.60141,2.12979,7.426e-05,7.426e-05,7.426e-05
132,69284.3,0.43298,0.22874,0.93004,0.94371,0.90128,0.95971,0.61483,1.4027,0.60235,2.12926,7.4062e-05,7.4062e-05,7.4062e-05
133,69810.1,0.4281,0.22616,0.92628,0.93308,0.90214,0.96239,0.61464,1.40022,0.60229,2.13018,7.3864e-05,7.3864e-05,7.3864e-05
134,70335.8,0.42274,0.22326,0.92105,0.92342,0.92733,0.95832,0.6104,1.40295,0.59884,2.13178,7.3666e-05,7.3666e-05,7.3666e-05
135,70859.2,0.41496,0.21807,0.91735,0.9194,0.92685,0.95797,0.60768,1.40553,0.60147,2.13768,7.3468e-05,7.3468e-05,7.3468e-05
136,71383.4,0.41266,0.21863,0.91547,0.9297,0.91558,0.95335,0.60643,1.40405,0.60933,2.13468,7.327e-05,7.327e-05,7.327e-05
137,71906.8,0.41178,0.21986,0.91634,0.93547,0.89966,0.94992,0.60497,1.40845,0.61145,2.14526,7.3072e-05,7.3072e-05,7.3072e-05
138,72430.4,0.41583,0.22355,0.92026,0.92278,0.91056,0.95267,0.61032,1.40799,0.6202,2.14413,7.2874e-05,7.2874e-05,7.2874e-05
139,72953.6,0.40861,0.21687,0.91417,0.93146,0.9009,0.95575,0.60626,1.41128,0.61635,2.14857,7.2676e-05,7.2676e-05,7.2676e-05
140,73477.1,0.40956,0.22313,0.91426,0.92802,0.90308,0.95444,0.6042,1.41185,0.61166,2.15136,7.2478e-05,7.2478e-05,7.2478e-05
141,74000.6,0.40631,0.21909,0.91348,0.91246,0.91672,0.95405,0.60557,1.41101,0.60977,2.15133,7.228e-05,7.228e-05,7.228e-05
142,74524.1,0.40165,0.21565,0.90929,0.91749,0.91323,0.95388,0.60564,1.40562,0.60149,2.14395,7.2082e-05,7.2082e-05,7.2082e-05
143,75047.4,0.40466,0.21546,0.91351,0.94769,0.88888,0.95464,0.60832,1.40375,0.59973,2.13979,7.1884e-05,7.1884e-05,7.1884e-05
144,75570.7,0.40357,0.21719,0.91344,0.92478,0.91506,0.95455,0.60711,1.40338,0.6043,2.13651,7.1686e-05,7.1686e-05,7.1686e-05
145,76094.2,0.40254,0.21521,0.90913,0.92982,0.91535,0.9553,0.60755,1.40136,0.6076,2.13714,7.1488e-05,7.1488e-05,7.1488e-05
146,76617.7,0.40299,0.2167,0.90747,0.92674,0.91666,0.95224,0.60913,1.40225,0.60533,2.14054,7.129e-05,7.129e-05,7.129e-05
147,77142.6,0.39618,0.21318,0.90635,0.93214,0.90807,0.95127,0.6082,1.40454,0.60592,2.14014,7.1092e-05,7.1092e-05,7.1092e-05
148,77666.1,0.39706,0.21404,0.90687,0.93561,0.90594,0.95148,0.60926,1.40627,0.60433,2.13966,7.0894e-05,7.0894e-05,7.0894e-05
149,78190.8,0.39772,0.21497,0.90806,0.93489,0.90432,0.95618,0.60959,1.4062,0.60219,2.14034,7.0696e-05,7.0696e-05,7.0696e-05
150,78714.4,0.39661,0.21306,0.90738,0.93482,0.90629,0.95885,0.61074,1.40337,0.60311,2.13546,7.0498e-05,7.0498e-05,7.0498e-05
151,79239.1,0.3946,0.21333,0.90419,0.93646,0.90598,0.96087,0.61061,1.40264,0.59653,2.13659,7.03e-05,7.03e-05,7.03e-05
152,79762.7,0.39023,0.21275,0.90306,0.93165,0.9085,0.95988,0.60955,1.40275,0.59492,2.14053,7.0102e-05,7.0102e-05,7.0102e-05
153,80287.4,0.39387,0.21417,0.90576,0.9278,0.91059,0.9601,0.60878,1.39937,0.59562,2.13638,6.9904e-05,6.9904e-05,6.9904e-05
154,80811.4,0.38626,0.20881,0.90321,0.91199,0.92292,0.96192,0.61245,1.40113,0.5969,2.13998,6.9706e-05,6.9706e-05,6.9706e-05
155,81336,0.39505,0.21215,0.90971,0.93524,0.90342,0.96172,0.61191,1.39987,0.59819,2.14006,6.9508e-05,6.9508e-05,6.9508e-05
156,81860,0.39229,0.21365,0.90623,0.93578,0.90089,0.96207,0.61425,1.39824,0.60317,2.1408,6.931e-05,6.931e-05,6.931e-05
157,82384.9,0.38419,0.2104,0.90202,0.93597,0.89988,0.96301,0.61234,1.39678,0.60209,2.14473,6.9112e-05,6.9112e-05,6.9112e-05
158,82909,0.37822,0.20764,0.89884,0.93676,0.90226,0.96339,0.61248,1.39577,0.60157,2.14874,6.8914e-05,6.8914e-05,6.8914e-05
159,83433.8,0.38046,0.21161,0.90003,0.92764,0.90756,0.96369,0.61436,1.39477,0.60783,2.15207,6.8716e-05,6.8716e-05,6.8716e-05
160,83970.9,0.37833,0.20828,0.89993,0.93127,0.90865,0.96383,0.61482,1.39282,0.60477,2.15241,6.8518e-05,6.8518e-05,6.8518e-05
161,84521.9,0.37894,0.20434,0.89756,0.92566,0.90242,0.96356,0.61432,1.38944,0.6018,2.15052,6.832e-05,6.832e-05,6.832e-05
162,85045.8,0.37632,0.20564,0.89536,0.92715,0.90185,0.96327,0.61303,1.38603,0.59653,2.14816,6.8122e-05,6.8122e-05,6.8122e-05
163,85573.2,0.37714,0.20721,0.90078,0.92186,0.90867,0.96323,0.61433,1.38675,0.59328,2.15025,6.7924e-05,6.7924e-05,6.7924e-05
164,86097.5,0.3747,0.2042,0.89379,0.91841,0.91533,0.964,0.61502,1.38797,0.59478,2.15441,6.7726e-05,6.7726e-05,6.7726e-05
165,86624.8,0.3771,0.20265,0.89586,0.91679,0.91429,0.96399,0.61439,1.38938,0.59088,2.15701,6.7528e-05,6.7528e-05,6.7528e-05
166,87149.4,0.37479,0.20452,0.89354,0.93632,0.9,0.96363,0.61532,1.38838,0.59106,2.15878,6.733e-05,6.733e-05,6.733e-05
167,87677.8,0.37052,0.20049,0.89297,0.91505,0.91803,0.96231,0.61501,1.38827,0.59252,2.16045,6.7132e-05,6.7132e-05,6.7132e-05
168,88202.7,0.37107,0.20354,0.89453,0.91438,0.92045,0.96372,0.61458,1.38775,0.59364,2.16089,6.6934e-05,6.6934e-05,6.6934e-05
169,88727.6,0.36715,0.19828,0.88869,0.91389,0.9198,0.96324,0.61506,1.38908,0.5925,2.16556,6.6736e-05,6.6736e-05,6.6736e-05
170,89251.9,0.3706,0.20337,0.89178,0.92186,0.91737,0.9615,0.61481,1.38946,0.59806,2.16528,6.6538e-05,6.6538e-05,6.6538e-05
171,89788.7,0.36912,0.20134,0.89129,0.91811,0.9154,0.96064,0.61479,1.39153,0.6041,2.16827,6.634e-05,6.634e-05,6.634e-05
172,90337.7,0.36691,0.2031,0.88799,0.91651,0.91686,0.96079,0.6116,1.39446,0.60319,2.17209,6.6142e-05,6.6142e-05,6.6142e-05
173,90863.3,0.37054,0.20123,0.89157,0.91802,0.91619,0.96398,0.6141,1.39571,0.59998,2.17283,6.5944e-05,6.5944e-05,6.5944e-05
174,91387.9,0.36187,0.19714,0.88599,0.92552,0.90948,0.96027,0.61089,1.397,0.60388,2.17413,6.5746e-05,6.5746e-05,6.5746e-05
175,91912.9,0.36343,0.19569,0.88885,0.92188,0.91538,0.95954,0.61344,1.39794,0.60305,2.17551,6.5548e-05,6.5548e-05,6.5548e-05
176,92437.7,0.36017,0.19859,0.88518,0.92263,0.9145,0.96007,0.61397,1.3982,0.60384,2.17774,6.535e-05,6.535e-05,6.535e-05
177,92964.9,0.36278,0.19964,0.88912,0.92673,0.91014,0.95943,0.61374,1.3984,0.61081,2.17843,6.5152e-05,6.5152e-05,6.5152e-05
178,93489.9,0.35979,0.19382,0.88433,0.92306,0.90764,0.9594,0.6128,1.39767,0.61189,2.18022,6.4954e-05,6.4954e-05,6.4954e-05
179,94015.6,0.36272,0.1961,0.89009,0.93088,0.89424,0.95746,0.61387,1.39919,0.6142,2.18124,6.4756e-05,6.4756e-05,6.4756e-05
180,94540.3,0.35584,0.19431,0.88375,0.92995,0.8938,0.95726,0.61237,1.39969,0.61051,2.18414,6.4558e-05,6.4558e-05,6.4558e-05
181,95065.8,0.35572,0.19316,0.88364,0.92754,0.89878,0.95756,0.61216,1.39916,0.61003,2.18352,6.436e-05,6.436e-05,6.436e-05
182,95590.6,0.35624,0.19649,0.88234,0.93168,0.89835,0.95576,0.61026,1.39885,0.60994,2.18514,6.4162e-05,6.4162e-05,6.4162e-05
183,96116.2,0.35333,0.19295,0.88112,0.93286,0.89873,0.95518,0.60965,1.39912,0.61483,2.18601,6.3964e-05,6.3964e-05,6.3964e-05
184,96640.5,0.35979,0.20039,0.88574,0.92753,0.89936,0.95252,0.608,1.39851,0.61409,2.18538,6.3766e-05,6.3766e-05,6.3766e-05
185,97166.1,0.34751,0.19088,0.88304,0.92705,0.9104,0.95589,0.60994,1.39979,0.61479,2.18774,6.3568e-05,6.3568e-05,6.3568e-05
186,97690.6,0.34921,0.19001,0.88139,0.92813,0.91026,0.95504,0.60767,1.40234,0.61654,2.191,6.337e-05,6.337e-05,6.337e-05
187,98216.5,0.34922,0.19583,0.87884,0.9287,0.90836,0.9548,0.60843,1.40234,0.6183,2.1926,6.3172e-05,6.3172e-05,6.3172e-05
188,98740.9,0.34422,0.19049,0.87794,0.92877,0.91513,0.95525,0.60982,1.4021,0.6195,2.19385,6.2974e-05,6.2974e-05,6.2974e-05
189,99266.3,0.34825,0.19389,0.88057,0.92895,0.91606,0.95514,0.6112,1.4024,0.62059,2.19379,6.2776e-05,6.2776e-05,6.2776e-05
190,99791.1,0.34567,0.18985,0.88266,0.93133,0.91099,0.95493,0.61046,1.40167,0.62142,2.19391,6.2578e-05,6.2578e-05,6.2578e-05
191,100317,0.34862,0.19404,0.88079,0.93057,0.9095,0.95392,0.60857,1.39977,0.62336,2.19352,6.238e-05,6.238e-05,6.238e-05
192,100868,0.33882,0.18582,0.87257,0.92971,0.90951,0.95359,0.60697,1.4001,0.62356,2.19537,6.2182e-05,6.2182e-05,6.2182e-05
193,101394,0.34324,0.18987,0.87815,0.93096,0.90348,0.95363,0.60546,1.40043,0.62451,2.19622,6.1984e-05,6.1984e-05,6.1984e-05
194,101919,0.34716,0.19225,0.87951,0.92983,0.90741,0.95358,0.606,1.40178,0.62345,2.19857,6.1786e-05,6.1786e-05,6.1786e-05
195,102445,0.34134,0.189,0.87341,0.93147,0.90509,0.9531,0.60613,1.40112,0.6234,2.19857,6.1588e-05,6.1588e-05,6.1588e-05
196,102970,0.34631,0.19379,0.8806,0.93045,0.90521,0.9537,0.60685,1.40115,0.62132,2.19899,6.139e-05,6.139e-05,6.139e-05
197,103495,0.34061,0.19106,0.87835,0.9295,0.90925,0.95373,0.60583,1.40065,0.62491,2.19897,6.1192e-05,6.1192e-05,6.1192e-05
198,104021,0.3431,0.18919,0.87716,0.92366,0.904,0.95052,0.60655,1.40097,0.62369,2.19912,6.0994e-05,6.0994e-05,6.0994e-05
199,104547,0.33968,0.19167,0.87441,0.9238,0.90215,0.95179,0.60636,1.4016,0.62317,2.20087,6.0796e-05,6.0796e-05,6.0796e-05
200,105072,0.33939,0.18911,0.87335,0.9306,0.90791,0.95539,0.60591,1.40187,0.6241,2.20185,6.0598e-05,6.0598e-05,6.0598e-05
201,105597,0.33917,0.18952,0.87398,0.93054,0.90695,0.95528,0.60552,1.40331,0.62186,2.20494,6.04e-05,6.04e-05,6.04e-05
202,106125,0.336,0.18645,0.87348,0.92998,0.90873,0.95557,0.60577,1.40298,0.62379,2.2049,6.0202e-05,6.0202e-05,6.0202e-05
203,106651,0.33645,0.1894,0.87163,0.92344,0.90398,0.95196,0.60616,1.40197,0.62432,2.20348,6.0004e-05,6.0004e-05,6.0004e-05
204,107177,0.33448,0.1878,0.87262,0.92824,0.90925,0.95523,0.60575,1.40133,0.62559,2.20291,5.9806e-05,5.9806e-05,5.9806e-05
205,107704,0.32725,0.18133,0.86928,0.92614,0.90802,0.955,0.60466,1.4015,0.62453,2.20465,5.9608e-05,5.9608e-05,5.9608e-05
206,108230,0.33156,0.18394,0.87237,0.9268,0.90811,0.95521,0.60495,1.40096,0.62484,2.20497,5.941e-05,5.941e-05,5.941e-05
207,108756,0.32958,0.18263,0.87037,0.93188,0.89696,0.95185,0.60578,1.3996,0.62312,2.20293,5.9212e-05,5.9212e-05,5.9212e-05
208,109282,0.32425,0.17685,0.8678,0.93184,0.89731,0.95185,0.60441,1.39923,0.62503,2.20347,5.9014e-05,5.9014e-05,5.9014e-05
209,109808,0.33114,0.1833,0.8749,0.93201,0.89771,0.95171,0.60522,1.39861,0.62179,2.20413,5.8816e-05,5.8816e-05,5.8816e-05
210,110335,0.3291,0.18439,0.86725,0.93286,0.8975,0.95157,0.60581,1.39928,0.62305,2.20594,5.8618e-05,5.8618e-05,5.8618e-05
211,110861,0.32725,0.18326,0.87157,0.93308,0.89543,0.9522,0.60684,1.39806,0.62256,2.20586,5.842e-05,5.842e-05,5.842e-05
212,111387,0.32273,0.18388,0.86395,0.9329,0.89531,0.95348,0.60626,1.39773,0.6237,2.20515,5.8222e-05,5.8222e-05,5.8222e-05
213,111913,0.32707,0.1859,0.8685,0.93293,0.89579,0.95357,0.60532,1.39691,0.62231,2.20499,5.8024e-05,5.8024e-05,5.8024e-05
214,112440,0.3225,0.1807,0.86659,0.93436,0.89251,0.95356,0.60543,1.39759,0.6231,2.20648,5.7826e-05,5.7826e-05,5.7826e-05
215,112966,0.32183,0.18313,0.866,0.93451,0.8907,0.95489,0.60677,1.39768,0.62375,2.20808,5.7628e-05,5.7628e-05,5.7628e-05
216,113493,0.32482,0.18526,0.86769,0.92345,0.89726,0.95503,0.60751,1.39852,0.62346,2.21065,5.743e-05,5.743e-05,5.743e-05
217,114020,0.32229,0.18508,0.86578,0.92351,0.89723,0.95524,0.60789,1.39672,0.62539,2.20782,5.7232e-05,5.7232e-05,5.7232e-05
218,114547,0.31892,0.1806,0.86529,0.92399,0.8981,0.95507,0.60827,1.39749,0.62698,2.20828,5.7034e-05,5.7034e-05,5.7034e-05
219,115074,0.31879,0.18119,0.86448,0.92428,0.89847,0.95526,0.60859,1.39701,0.62753,2.20859,5.6836e-05,5.6836e-05,5.6836e-05
220,115602,0.32548,0.18474,0.87198,0.92447,0.89884,0.95536,0.60816,1.39704,0.62737,2.20922,5.6638e-05,5.6638e-05,5.6638e-05
221,116131,0.32286,0.18195,0.86758,0.9227,0.90225,0.95525,0.60806,1.39683,0.62571,2.20984,5.644e-05,5.644e-05,5.644e-05
222,116658,0.31493,0.17829,0.86255,0.92187,0.90221,0.95525,0.60882,1.39673,0.62661,2.21031,5.6242e-05,5.6242e-05,5.6242e-05
223,117185,0.32019,0.18127,0.86542,0.92182,0.90225,0.95516,0.6095,1.39684,0.62683,2.21074,5.6044e-05,5.6044e-05,5.6044e-05
224,117712,0.3159,0.17783,0.86475,0.92921,0.90587,0.9586,0.60963,1.39656,0.62772,2.21016,5.5846e-05,5.5846e-05,5.5846e-05
225,118239,0.31536,0.17926,0.86401,0.93113,0.9055,0.95843,0.60875,1.39661,0.62863,2.21017,5.5648e-05,5.5648e-05,5.5648e-05
226,118766,0.31663,0.17927,0.86629,0.93173,0.90529,0.9564,0.60786,1.39663,0.6306,2.20979,5.545e-05,5.545e-05,5.545e-05
227,119293,0.3142,0.17217,0.86071,0.93202,0.90515,0.95622,0.60856,1.39639,0.63107,2.21039,5.5252e-05,5.5252e-05,5.5252e-05
228,119820,0.30946,0.17896,0.8622,0.93171,0.90513,0.95614,0.60901,1.39696,0.63191,2.21198,5.5054e-05,5.5054e-05,5.5054e-05
229,120347,0.30921,0.17631,0.85592,0.9319,0.90491,0.95618,0.60922,1.39786,0.63307,2.21254,5.4856e-05,5.4856e-05,5.4856e-05
230,120874,0.31301,0.1787,0.86164,0.93136,0.90491,0.95614,0.60932,1.39735,0.63454,2.21109,5.4658e-05,5.4658e-05,5.4658e-05
231,121401,0.3112,0.17535,0.85973,0.93256,0.90506,0.95596,0.60994,1.39686,0.63558,2.21063,5.446e-05,5.446e-05,5.446e-05
232,121928,0.31343,0.17774,0.85969,0.93276,0.90528,0.95618,0.60972,1.39757,0.63591,2.21267,5.4262e-05,5.4262e-05,5.4262e-05
233,122456,0.31124,0.17538,0.86079,0.9333,0.90478,0.956,0.61011,1.39775,0.63631,2.21234,5.4064e-05,5.4064e-05,5.4064e-05
234,122983,0.30595,0.17575,0.86096,0.93304,0.90343,0.9559,0.61028,1.39709,0.6357,2.21198,5.3866e-05,5.3866e-05,5.3866e-05
235,123511,0.30882,0.17704,0.85778,0.93002,0.9015,0.95584,0.60877,1.39747,0.63729,2.21192,5.3668e-05,5.3668e-05,5.3668e-05
236,124038,0.30722,0.17851,0.85769,0.92936,0.90254,0.95465,0.6091,1.39746,0.6374,2.21185,5.347e-05,5.347e-05,5.347e-05
237,124565,0.30279,0.17254,0.85587,0.92899,0.90202,0.95472,0.60833,1.39744,0.63551,2.21312,5.3272e-05,5.3272e-05,5.3272e-05
238,125093,0.30931,0.17809,0.86189,0.92847,0.90117,0.95488,0.60806,1.39792,0.63576,2.21414,5.3074e-05,5.3074e-05,5.3074e-05
239,125620,0.30483,0.17332,0.85546,0.92826,0.90004,0.95483,0.60837,1.39715,0.63405,2.21383,5.2876e-05,5.2876e-05,5.2876e-05
240,126148,0.29876,0.1705,0.85338,0.92831,0.89994,0.9548,0.6093,1.39783,0.63652,2.21483,5.2678e-05,5.2678e-05,5.2678e-05
241,126675,0.30515,0.17405,0.86027,0.93378,0.89955,0.95505,0.60815,1.39775,0.63596,2.21506,5.248e-05,5.248e-05,5.248e-05
242,127203,0.30355,0.17028,0.85363,0.93329,0.89903,0.95463,0.60767,1.39812,0.63456,2.21644,5.2282e-05,5.2282e-05,5.2282e-05
243,127731,0.30316,0.17261,0.85733,0.9282,0.89759,0.95583,0.60862,1.39758,0.63604,2.21594,5.2084e-05,5.2084e-05,5.2084e-05
244,128258,0.29897,0.1677,0.85676,0.93077,0.90008,0.95601,0.60981,1.3971,0.63577,2.21362,5.1886e-05,5.1886e-05,5.1886e-05
245,128787,0.29458,0.16765,0.85257,0.93366,0.89929,0.95648,0.60965,1.3972,0.63684,2.21436,5.1688e-05,5.1688e-05,5.1688e-05
246,129314,0.29877,0.16852,0.85363,0.93307,0.89938,0.95631,0.60988,1.39754,0.63687,2.21447,5.149e-05,5.149e-05,5.149e-05
247,129843,0.29665,0.16806,0.85294,0.93287,0.89957,0.95642,0.61097,1.39753,0.6373,2.21543,5.1292e-05,5.1292e-05,5.1292e-05
248,130371,0.29862,0.17104,0.85542,0.93327,0.89952,0.95625,0.61016,1.39731,0.63748,2.21589,5.1094e-05,5.1094e-05,5.1094e-05
249,130899,0.30075,0.17093,0.85371,0.92977,0.90047,0.95603,0.60824,1.39706,0.64012,2.21523,5.0896e-05,5.0896e-05,5.0896e-05
250,131427,0.2962,0.16978,0.85312,0.93289,0.89936,0.95617,0.60945,1.39799,0.64103,2.21794,5.0698e-05,5.0698e-05,5.0698e-05
251,131955,0.29173,0.16803,0.85169,0.9281,0.90153,0.95381,0.60784,1.39706,0.63776,2.21737,5.05e-05,5.05e-05,5.05e-05
252,132483,0.29193,0.16711,0.84759,0.92807,0.89729,0.95408,0.60772,1.39682,0.63703,2.21818,5.0302e-05,5.0302e-05,5.0302e-05
253,133011,0.29548,0.16993,0.85059,0.92739,0.90156,0.95405,0.60745,1.39657,0.63747,2.21833,5.0104e-05,5.0104e-05,5.0104e-05
254,133539,0.28735,0.16295,0.84717,0.92649,0.90378,0.95396,0.60727,1.39728,0.63793,2.21934,4.9906e-05,4.9906e-05,4.9906e-05
255,134068,0.28865,0.16549,0.85031,0.92679,0.90392,0.95415,0.60778,1.3971,0.63708,2.21955,4.9708e-05,4.9708e-05,4.9708e-05
256,134596,0.29117,0.16656,0.85333,0.92727,0.89896,0.95395,0.60698,1.39718,0.6398,2.21885,4.951e-05,4.951e-05,4.951e-05
257,135157,0.28964,0.16736,0.85004,0.9278,0.89884,0.95539,0.60838,1.39717,0.6389,2.22016,4.9312e-05,4.9312e-05,4.9312e-05
258,135691,0.29165,0.1672,0.84983,0.93531,0.89732,0.95402,0.60687,1.39748,0.64027,2.22089,4.9114e-05,4.9114e-05,4.9114e-05
259,136219,0.28723,0.16236,0.84673,0.93065,0.89621,0.95402,0.60733,1.39802,0.63945,2.22239,4.8916e-05,4.8916e-05,4.8916e-05
260,136747,0.28978,0.16637,0.84758,0.9362,0.89601,0.95622,0.60955,1.39742,0.63914,2.22226,4.8718e-05,4.8718e-05,4.8718e-05
261,137277,0.28704,0.16459,0.85051,0.93127,0.8957,0.956,0.60997,1.39678,0.63975,2.22189,4.852e-05,4.852e-05,4.852e-05
262,137805,0.28824,0.16576,0.84995,0.93673,0.89592,0.95628,0.61002,1.39613,0.63851,2.22241,4.8322e-05,4.8322e-05,4.8322e-05
263,138336,0.28453,0.16267,0.8476,0.93687,0.89606,0.95312,0.60725,1.39616,0.63843,2.22333,4.8124e-05,4.8124e-05,4.8124e-05
264,138864,0.28423,0.16255,0.84396,0.93718,0.89611,0.95305,0.6069,1.39604,0.6397,2.2244,4.7926e-05,4.7926e-05,4.7926e-05
265,139393,0.28499,0.16517,0.8494,0.9371,0.89625,0.95313,0.60821,1.39644,0.6407,2.22631,4.7728e-05,4.7728e-05,4.7728e-05
266,139921,0.28092,0.16224,0.84481,0.93713,0.89599,0.95345,0.60744,1.39674,0.6413,2.22749,4.753e-05,4.753e-05,4.753e-05
267,140450,0.28555,0.16503,0.84984,0.93622,0.90582,0.95337,0.60763,1.39664,0.64228,2.22814,4.7332e-05,4.7332e-05,4.7332e-05
268,140979,0.28181,0.16192,0.84601,0.93716,0.8935,0.95333,0.60755,1.3965,0.64258,2.22806,4.7134e-05,4.7134e-05,4.7134e-05
269,141508,0.28297,0.16399,0.84476,0.93117,0.90149,0.95303,0.60764,1.39588,0.64442,2.22778,4.6936e-05,4.6936e-05,4.6936e-05
270,142037,0.28182,0.16303,0.84291,0.9294,0.89933,0.95124,0.60636,1.39629,0.64605,2.22847,4.6738e-05,4.6738e-05,4.6738e-05
271,142566,0.28309,0.16237,0.84717,0.92934,0.89933,0.95268,0.60843,1.39668,0.64697,2.22959,4.654e-05,4.654e-05,4.654e-05
272,143095,0.28211,0.16536,0.84534,0.93051,0.89918,0.95392,0.60896,1.39653,0.64792,2.22978,4.6342e-05,4.6342e-05,4.6342e-05
273,143624,0.27743,0.1604,0.84141,0.93009,0.89901,0.95286,0.60707,1.39672,0.64794,2.2307,4.6144e-05,4.6144e-05,4.6144e-05
274,144154,0.28172,0.16154,0.8453,0.93031,0.8986,0.95256,0.6068,1.39698,0.64947,2.23209,4.5946e-05,4.5946e-05,4.5946e-05
275,144682,0.27644,0.15844,0.84347,0.93139,0.89959,0.95208,0.60716,1.39673,0.6508,2.23281,4.5748e-05,4.5748e-05,4.5748e-05
276,145211,0.27709,0.15922,0.84055,0.93106,0.89961,0.95221,0.60785,1.3969,0.6522,2.2331,4.555e-05,4.555e-05,4.555e-05
277,145741,0.27255,0.15863,0.84276,0.9307,0.89958,0.95206,0.60807,1.3969,0.65508,2.23431,4.5352e-05,4.5352e-05,4.5352e-05
278,146271,0.27714,0.1599,0.84626,0.93033,0.89964,0.95229,0.60722,1.39721,0.65603,2.23512,4.5154e-05,4.5154e-05,4.5154e-05
279,146801,0.27908,0.16119,0.84501,0.93006,0.89964,0.95219,0.60794,1.39758,0.65709,2.23573,4.4956e-05,4.4956e-05,4.4956e-05
280,147332,0.27646,0.16007,0.84315,0.93025,0.89963,0.95224,0.60782,1.39772,0.65767,2.23642,4.4758e-05,4.4758e-05,4.4758e-05
281,147860,0.27068,0.15537,0.83825,0.92963,0.89966,0.95207,0.60802,1.39749,0.65638,2.23765,4.456e-05,4.456e-05,4.456e-05
282,148389,0.27593,0.15882,0.84445,0.92858,0.89975,0.95156,0.60771,1.39746,0.65756,2.23753,4.4362e-05,4.4362e-05,4.4362e-05
283,148918,0.27404,0.16064,0.84278,0.9287,0.89977,0.95139,0.6066,1.39735,0.65725,2.23766,4.4164e-05,4.4164e-05,4.4164e-05
284,149447,0.27302,0.15819,0.84103,0.92892,0.89974,0.95005,0.60621,1.39707,0.65806,2.23727,4.3966e-05,4.3966e-05,4.3966e-05
285,149976,0.27399,0.15841,0.84035,0.92872,0.89982,0.95002,0.60529,1.39723,0.65786,2.23856,4.3768e-05,4.3768e-05,4.3768e-05
286,150507,0.27329,0.15639,0.84444,0.9347,0.88791,0.94968,0.60558,1.39752,0.65786,2.23919,4.357e-05,4.357e-05,4.357e-05
287,151037,0.26832,0.1579,0.83844,0.93476,0.8879,0.94988,0.60509,1.39729,0.6591,2.23988,4.3372e-05,4.3372e-05,4.3372e-05
288,151567,0.27015,0.15542,0.83785,0.93494,0.88797,0.94992,0.60536,1.39683,0.65967,2.24056,4.3174e-05,4.3174e-05,4.3174e-05
289,152097,0.26826,0.15612,0.8378,0.9335,0.88836,0.94995,0.60539,1.39646,0.65672,2.24069,4.2976e-05,4.2976e-05,4.2976e-05
290,152627,0.26505,0.15313,0.84118,0.93258,0.88875,0.9502,0.60603,1.39615,0.65665,2.24114,4.2778e-05,4.2778e-05,4.2778e-05
291,153160,0.26904,0.15731,0.84235,0.93226,0.88953,0.95025,0.60637,1.3968,0.65797,2.24247,4.258e-05,4.258e-05,4.258e-05
292,153690,0.26709,0.1558,0.83729,0.93182,0.89004,0.95044,0.6063,1.39693,0.65918,2.24331,4.2382e-05,4.2382e-05,4.2382e-05
293,154221,0.26467,0.15427,0.83851,0.93188,0.89019,0.9505,0.60666,1.39636,0.6595,2.24285,4.2184e-05,4.2184e-05,4.2184e-05
294,154751,0.27007,0.157,0.84088,0.94153,0.88124,0.95028,0.60503,1.39662,0.6601,2.24358,4.1986e-05,4.1986e-05,4.1986e-05
295,155281,0.26173,0.15585,0.83816,0.94348,0.88112,0.95011,0.60468,1.39622,0.66082,2.24262,4.1788e-05,4.1788e-05,4.1788e-05
296,155811,0.27004,0.15798,0.83718,0.94368,0.8816,0.94975,0.60491,1.39668,0.66439,2.2431,4.159e-05,4.159e-05,4.159e-05
297,156342,0.26428,0.15834,0.83983,0.94395,0.88165,0.94991,0.60476,1.39709,0.66724,2.24374,4.1392e-05,4.1392e-05,4.1392e-05
298,156873,0.26056,0.15252,0.83842,0.93286,0.88842,0.94957,0.60549,1.39748,0.66836,2.24375,4.1194e-05,4.1194e-05,4.1194e-05
299,157404,0.26061,0.15158,0.83748,0.9332,0.88821,0.94957,0.60501,1.3978,0.6708,2.24455,4.0996e-05,4.0996e-05,4.0996e-05
300,157936,0.25725,0.15011,0.83555,0.94654,0.87991,0.94947,0.60333,1.39729,0.669,2.24508,4.0798e-05,4.0798e-05,4.0798e-05
301,158466,0.25896,0.15249,0.83683,0.94655,0.88025,0.94941,0.60275,1.39753,0.67011,2.24602,4.06e-05,4.06e-05,4.06e-05
302,158999,0.25919,0.14981,0.83679,0.94384,0.8825,0.94859,0.60346,1.39857,0.67308,2.24837,4.0402e-05,4.0402e-05,4.0402e-05
303,159532,0.25662,0.15118,0.83563,0.93909,0.88615,0.9485,0.60437,1.39855,0.67365,2.24937,4.0204e-05,4.0204e-05,4.0204e-05
304,160062,0.25763,0.15114,0.83311,0.93901,0.88653,0.94702,0.60456,1.39829,0.67453,2.24946,4.0006e-05,4.0006e-05,4.0006e-05
305,160593,0.26457,0.15556,0.84072,0.93953,0.88691,0.94707,0.60423,1.39858,0.67444,2.25105,3.9808e-05,3.9808e-05,3.9808e-05
306,161123,0.25851,0.15356,0.83487,0.93896,0.88751,0.94678,0.60466,1.39882,0.67645,2.25195,3.961e-05,3.961e-05,3.961e-05
307,161657,0.25982,0.15042,0.8353,0.93982,0.88746,0.94704,0.60431,1.39887,0.67713,2.25326,3.9412e-05,3.9412e-05,3.9412e-05
308,162188,0.26081,0.15015,0.83743,0.94039,0.88721,0.94856,0.6043,1.39939,0.6787,2.25446,3.9214e-05,3.9214e-05,3.9214e-05
309,162722,0.25668,0.15212,0.83104,0.93957,0.88806,0.94836,0.60451,1.39945,0.67868,2.2549,3.9016e-05,3.9016e-05,3.9016e-05
310,163258,0.25369,0.15006,0.83416,0.94019,0.89121,0.94819,0.60483,1.40041,0.67918,2.25609,3.8818e-05,3.8818e-05,3.8818e-05
311,163796,0.25543,0.15218,0.83273,0.93874,0.89144,0.94827,0.60471,1.40092,0.67965,2.25679,3.862e-05,3.862e-05,3.862e-05
312,164330,0.2537,0.14953,0.83276,0.93911,0.89142,0.94817,0.60398,1.40126,0.68108,2.25762,3.8422e-05,3.8422e-05,3.8422e-05
313,164867,0.25038,0.1473,0.83014,0.9391,0.89149,0.94805,0.60478,1.40144,0.68137,2.25796,3.8224e-05,3.8224e-05,3.8224e-05
314,165399,0.25272,0.14873,0.83062,0.93872,0.89118,0.94769,0.60475,1.4013,0.68212,2.25853,3.8026e-05,3.8026e-05,3.8026e-05
315,165932,0.25349,0.1473,0.83341,0.93854,0.89109,0.94768,0.6043,1.40186,0.68457,2.25913,3.7828e-05,3.7828e-05,3.7828e-05
316,166468,0.25475,0.15095,0.83449,0.94965,0.87917,0.94791,0.60446,1.40153,0.68662,2.25914,3.763e-05,3.763e-05,3.763e-05
317,167001,0.24819,0.14545,0.83144,0.94982,0.87924,0.94796,0.60501,1.40136,0.68362,2.26039,3.7432e-05,3.7432e-05,3.7432e-05
318,167540,0.25613,0.15329,0.83454,0.94989,0.87939,0.94591,0.60503,1.4006,0.68156,2.26004,3.7234e-05,3.7234e-05,3.7234e-05
319,168077,0.25211,0.15016,0.83204,0.94999,0.87935,0.94592,0.60419,1.39969,0.68025,2.25969,3.7036e-05,3.7036e-05,3.7036e-05
320,168614,0.25124,0.14857,0.8289,0.94984,0.87961,0.94592,0.60448,1.39911,0.68063,2.25989,3.6838e-05,3.6838e-05,3.6838e-05
321,169149,0.24905,0.14773,0.83251,0.94983,0.87969,0.94583,0.6041,1.39925,0.68127,2.25998,3.664e-05,3.664e-05,3.664e-05
322,169692,0.24894,0.14637,0.83092,0.94954,0.88018,0.94626,0.60447,1.40006,0.68262,2.26172,3.6442e-05,3.6442e-05,3.6442e-05
323,170262,0.24461,0.14509,0.82966,0.94919,0.88066,0.94619,0.60401,1.40083,0.68318,2.26348,3.6244e-05,3.6244e-05,3.6244e-05
324,170799,0.24469,0.1457,0.82679,0.94935,0.88073,0.94613,0.60373,1.40112,0.68445,2.26542,3.6046e-05,3.6046e-05,3.6046e-05
325,171335,0.24971,0.14993,0.8317,0.94915,0.88079,0.94622,0.60292,1.40063,0.68516,2.2661,3.5848e-05,3.5848e-05,3.5848e-05
326,171878,0.24566,0.14666,0.82946,0.94858,0.88177,0.94623,0.60323,1.40026,0.68356,2.26637,3.565e-05,3.565e-05,3.565e-05
327,172415,0.24236,0.14379,0.8273,0.94892,0.88209,0.94629,0.60308,1.40062,0.68354,2.26831,3.5452e-05,3.5452e-05,3.5452e-05
328,172956,0.24269,0.14472,0.83003,0.94305,0.88437,0.94645,0.60372,1.40099,0.68242,2.26941,3.5254e-05,3.5254e-05,3.5254e-05
329,173497,0.23959,0.14445,0.82574,0.94954,0.88228,0.9467,0.60435,1.40137,0.68285,2.27017,3.5056e-05,3.5056e-05,3.5056e-05
330,174041,0.24399,0.14591,0.82955,0.94976,0.88217,0.94668,0.60513,1.40136,0.68398,2.27113,3.4858e-05,3.4858e-05,3.4858e-05
331,174585,0.2426,0.14517,0.82753,0.94476,0.88554,0.94672,0.60476,1.4013,0.68434,2.27223,3.466e-05,3.466e-05,3.466e-05
332,175132,0.2402,0.14274,0.82691,0.94489,0.88566,0.94748,0.60553,1.40152,0.68363,2.27331,3.4462e-05,3.4462e-05,3.4462e-05
333,175674,0.24073,0.14122,0.82883,0.94475,0.88585,0.94469,0.60414,1.40193,0.68522,2.27387,3.4264e-05,3.4264e-05,3.4264e-05
334,176218,0.24007,0.14224,0.82705,0.95156,0.8807,0.9447,0.60397,1.40241,0.68575,2.27486,3.4066e-05,3.4066e-05,3.4066e-05
335,176764,0.24073,0.14652,0.82895,0.95178,0.88051,0.94472,0.60444,1.40205,0.68687,2.27452,3.3868e-05,3.3868e-05,3.3868e-05
336,177311,0.23934,0.14493,0.82618,0.95181,0.88038,0.94364,0.60332,1.40231,0.68834,2.2756,3.367e-05,3.367e-05,3.367e-05
337,177855,0.2407,0.1442,0.82772,0.9516,0.88044,0.94347,0.60336,1.40268,0.68907,2.27608,3.3472e-05,3.3472e-05,3.3472e-05
338,178404,0.24062,0.14356,0.82804,0.94919,0.88216,0.94347,0.60332,1.40292,0.68982,2.276,3.3274e-05,3.3274e-05,3.3274e-05
339,178971,0.24005,0.14482,0.82825,0.94913,0.8818,0.94343,0.60446,1.4027,0.6891,2.27623,3.3076e-05,3.3076e-05,3.3076e-05
340,179538,0.24059,0.14478,0.82648,0.94899,0.88166,0.94332,0.60347,1.40289,0.68695,2.27748,3.2878e-05,3.2878e-05,3.2878e-05
341,180127,0.24048,0.14332,0.8294,0.94851,0.88162,0.94332,0.60266,1.40285,0.6876,2.27767,3.268e-05,3.268e-05,3.268e-05
342,180690,0.2329,0.13772,0.82255,0.94735,0.88173,0.94328,0.6022,1.40286,0.68749,2.27751,3.2482e-05,3.2482e-05,3.2482e-05
343,181253,0.23607,0.14121,0.82692,0.94746,0.88301,0.9432,0.60235,1.40363,0.68898,2.27825,3.2284e-05,3.2284e-05,3.2284e-05
344,181806,0.2381,0.14459,0.8261,0.9464,0.88446,0.9432,0.60281,1.40401,0.68951,2.27992,3.2086e-05,3.2086e-05,3.2086e-05
345,182370,0.23187,0.13953,0.8227,0.94652,0.88474,0.94322,0.6037,1.40451,0.68972,2.28128,3.1888e-05,3.1888e-05,3.1888e-05
346,182919,0.23533,0.14062,0.82536,0.9466,0.88476,0.94293,0.60388,1.40493,0.69097,2.2824,3.169e-05,3.169e-05,3.169e-05
347,183474,0.24075,0.14766,0.83023,0.94632,0.88597,0.943,0.60351,1.40481,0.69232,2.28319,3.1492e-05,3.1492e-05,3.1492e-05
348,184036,0.23492,0.13921,0.82673,0.94769,0.88546,0.94319,0.60447,1.40521,0.69183,2.28414,3.1294e-05,3.1294e-05,3.1294e-05
349,184594,0.23023,0.13624,0.82071,0.94939,0.88566,0.94328,0.6035,1.40551,0.693,2.2843,3.1096e-05,3.1096e-05,3.1096e-05
350,185156,0.23087,0.13581,0.82445,0.94749,0.88618,0.94304,0.60366,1.40583,0.69361,2.2844,3.0898e-05,3.0898e-05,3.0898e-05
351,185718,0.2356,0.14163,0.82519,0.94592,0.88818,0.94299,0.604,1.40612,0.69533,2.28628,3.07e-05,3.07e-05,3.07e-05
352,186289,0.23372,0.1423,0.82574,0.94724,0.88641,0.94316,0.60377,1.40568,0.69686,2.2863,3.0502e-05,3.0502e-05,3.0502e-05
353,186857,0.23045,0.13917,0.82337,0.94734,0.88644,0.94289,0.6036,1.40564,0.69752,2.28679,3.0304e-05,3.0304e-05,3.0304e-05
354,187418,0.22942,0.13941,0.82385,0.94748,0.88651,0.94287,0.60473,1.4058,0.69867,2.28739,3.0106e-05,3.0106e-05,3.0106e-05
355,187998,0.22917,0.13685,0.82342,0.94773,0.88636,0.94294,0.60418,1.40543,0.6979,2.28691,2.9908e-05,2.9908e-05,2.9908e-05
356,188586,0.22915,0.13768,0.82166,0.94778,0.8863,0.94268,0.60399,1.40627,0.69904,2.28852,2.971e-05,2.971e-05,2.971e-05
357,189172,0.2302,0.14032,0.8266,0.9479,0.88616,0.94273,0.60423,1.40619,0.70188,2.28897,2.9512e-05,2.9512e-05,2.9512e-05
358,189750,0.2302,0.13656,0.82279,0.9477,0.88635,0.94152,0.60465,1.40681,0.70211,2.28991,2.9314e-05,2.9314e-05,2.9314e-05
359,190325,0.23076,0.14025,0.82545,0.94772,0.88645,0.94153,0.60437,1.40705,0.70167,2.2918,2.9116e-05,2.9116e-05,2.9116e-05
360,190900,0.22728,0.13653,0.82315,0.94783,0.8866,0.94165,0.60436,1.40663,0.70115,2.29042,2.8918e-05,2.8918e-05,2.8918e-05
361,191476,0.22641,0.13787,0.82266,0.94771,0.88688,0.94191,0.60465,1.40664,0.69907,2.29061,2.872e-05,2.872e-05,2.872e-05
362,192058,0.22648,0.13966,0.82105,0.94771,0.88686,0.9421,0.60413,1.40619,0.69858,2.28949,2.8522e-05,2.8522e-05,2.8522e-05
363,192629,0.22797,0.13976,0.82465,0.94764,0.88682,0.94205,0.60406,1.40614,0.69867,2.28945,2.8324e-05,2.8324e-05,2.8324e-05
364,193205,0.22544,0.13875,0.82183,0.94747,0.88694,0.94214,0.60387,1.40623,0.6993,2.2894,2.8126e-05,2.8126e-05,2.8126e-05
365,193771,0.22364,0.13637,0.81904,0.94713,0.88687,0.94211,0.60409,1.40596,0.69918,2.28994,2.7928e-05,2.7928e-05,2.7928e-05
366,194348,0.22625,0.13826,0.82157,0.94583,0.88878,0.94217,0.60393,1.40636,0.69955,2.29184,2.773e-05,2.773e-05,2.773e-05
367,194923,0.22395,0.13708,0.81918,0.94569,0.88856,0.94225,0.60298,1.40659,0.70129,2.29289,2.7532e-05,2.7532e-05,2.7532e-05
368,195508,0.22334,0.13457,0.82189,0.94565,0.88796,0.94218,0.60338,1.40595,0.70144,2.2929,2.7334e-05,2.7334e-05,2.7334e-05
369,196100,0.22155,0.13842,0.82315,0.9454,0.88796,0.94223,0.60408,1.40585,0.7041,2.29205,2.7136e-05,2.7136e-05,2.7136e-05
370,196678,0.22432,0.1361,0.81987,0.94524,0.88817,0.9423,0.60402,1.40597,0.70543,2.29211,2.6938e-05,2.6938e-05,2.6938e-05
371,197261,0.22012,0.13434,0.81942,0.9452,0.88778,0.94237,0.60352,1.40572,0.7054,2.29279,2.674e-05,2.674e-05,2.674e-05
372,197838,0.22051,0.13384,0.82159,0.94271,0.88945,0.94242,0.60376,1.40559,0.70678,2.29304,2.6542e-05,2.6542e-05,2.6542e-05
373,198411,0.22064,0.13446,0.81851,0.94246,0.88943,0.94234,0.60427,1.40497,0.70628,2.29217,2.6344e-05,2.6344e-05,2.6344e-05
374,198985,0.21942,0.13338,0.82139,0.95878,0.87598,0.94234,0.60335,1.40602,0.7078,2.29348,2.6146e-05,2.6146e-05,2.6146e-05
375,199580,0.22088,0.13477,0.82092,0.95866,0.8757,0.94228,0.60313,1.40589,0.707,2.29368,2.5948e-05,2.5948e-05,2.5948e-05
376,200172,0.21799,0.13266,0.81798,0.95883,0.87541,0.94227,0.6029,1.40626,0.7057,2.29425,2.575e-05,2.575e-05,2.575e-05
377,200749,0.22277,0.13517,0.82175,0.94194,0.88975,0.94223,0.60394,1.40598,0.70623,2.294,2.5552e-05,2.5552e-05,2.5552e-05
378,201333,0.21969,0.13531,0.8184,0.94208,0.88972,0.94233,0.60397,1.40591,0.70451,2.29438,2.5354e-05,2.5354e-05,2.5354e-05
379,201918,0.21781,0.13351,0.81419,0.94214,0.88991,0.94268,0.60422,1.40624,0.70504,2.29494,2.5156e-05,2.5156e-05,2.5156e-05
380,202517,0.21458,0.13141,0.81644,0.94219,0.89002,0.94247,0.60457,1.40719,0.70478,2.29606,2.4958e-05,2.4958e-05,2.4958e-05
381,203109,0.22127,0.13505,0.82228,0.9423,0.89014,0.94255,0.60348,1.40766,0.70594,2.29597,2.476e-05,2.476e-05,2.476e-05
382,203695,0.21276,0.13038,0.81833,0.94166,0.88943,0.94244,0.60305,1.40826,0.70493,2.29616,2.4562e-05,2.4562e-05,2.4562e-05
383,204285,0.21524,0.13086,0.81948,0.94193,0.8892,0.94237,0.60282,1.40588,0.70725,2.29377,2.4364e-05,2.4364e-05,2.4364e-05
384,204907,0.21993,0.13617,0.82264,0.94132,0.89007,0.94235,0.60239,1.40611,0.70882,2.29422,2.4166e-05,2.4166e-05,2.4166e-05
385,205538,0.21426,0.13197,0.81696,0.94141,0.89006,0.94235,0.60243,1.40648,0.70867,2.29495,2.3968e-05,2.3968e-05,2.3968e-05
386,206139,0.21365,0.13019,0.81946,0.94185,0.8881,0.9424,0.60195,1.40674,0.70933,2.29435,2.377e-05,2.377e-05,2.377e-05
387,206733,0.20964,0.12887,0.81087,0.94188,0.88799,0.94263,0.60334,1.40622,0.7078,2.29477,2.3572e-05,2.3572e-05,2.3572e-05
388,207323,0.20883,0.1305,0.81458,0.94202,0.88817,0.94251,0.60299,1.4065,0.7086,2.29544,2.3374e-05,2.3374e-05,2.3374e-05
389,207938,0.21054,0.12985,0.81396,0.94207,0.8884,0.94249,0.60254,1.40624,0.70863,2.29585,2.3176e-05,2.3176e-05,2.3176e-05
390,208540,0.21104,0.12865,0.81485,0.94219,0.88868,0.94259,0.60285,1.40617,0.70828,2.29649,2.2978e-05,2.2978e-05,2.2978e-05
391,209122,0.21104,0.13002,0.81638,0.94213,0.88913,0.94264,0.60234,1.40589,0.7092,2.29675,2.278e-05,2.278e-05,2.278e-05
392,209725,0.21015,0.13116,0.8167,0.94221,0.88951,0.94258,0.60272,1.40696,0.70899,2.29643,2.2582e-05,2.2582e-05,2.2582e-05
393,210330,0.20979,0.13004,0.81575,0.94228,0.88969,0.94245,0.6014,1.4069,0.70777,2.29682,2.2384e-05,2.2384e-05,2.2384e-05
394,210931,0.20862,0.13001,0.81695,0.94237,0.88981,0.94276,0.60199,1.4063,0.70694,2.29662,2.2186e-05,2.2186e-05,2.2186e-05
395,211553,0.20949,0.1296,0.81445,0.9424,0.88992,0.94258,0.60096,1.40599,0.70703,2.29668,2.1988e-05,2.1988e-05,2.1988e-05
396,212155,0.20454,0.12626,0.81259,0.94251,0.88999,0.94274,0.60187,1.40569,0.70721,2.29598,2.179e-05,2.179e-05,2.179e-05
397,212741,0.20694,0.12953,0.81307,0.94249,0.89012,0.94276,0.6021,1.40505,0.70361,2.29539,2.1592e-05,2.1592e-05,2.1592e-05
398,213373,0.20661,0.12677,0.81498,0.94237,0.89034,0.94268,0.60199,1.4047,0.70326,2.29494,2.1394e-05,2.1394e-05,2.1394e-05
399,213983,0.20523,0.12866,0.81696,0.94234,0.89043,0.94246,0.60234,1.40481,0.70457,2.29528,2.1196e-05,2.1196e-05,2.1196e-05
400,214618,0.20382,0.12559,0.8141,0.94237,0.8905,0.94236,0.60184,1.40458,0.70457,2.29463,2.0998e-05,2.0998e-05,2.0998e-05
401,215268,0.20575,0.12988,0.81552,0.9425,0.89058,0.94227,0.60323,1.4045,0.70361,2.2953,2.08e-05,2.08e-05,2.08e-05
402,215893,0.20155,0.12548,0.81375,0.94256,0.89073,0.94221,0.6033,1.40389,0.7046,2.29454,2.0602e-05,2.0602e-05,2.0602e-05
403,216559,0.20445,0.12891,0.8144,0.94262,0.89071,0.94232,0.60287,1.4036,0.70316,2.29467,2.0404e-05,2.0404e-05,2.0404e-05
404,217262,0.19876,0.12442,0.81286,0.94261,0.89062,0.94217,0.60311,1.40352,0.70427,2.29424,2.0206e-05,2.0206e-05,2.0206e-05
405,217896,0.20261,0.1273,0.81375,0.94277,0.89057,0.94214,0.60239,1.4037,0.70147,2.29492,2.0008e-05,2.0008e-05,2.0008e-05
406,218568,0.2026,0.12696,0.81624,0.94275,0.89052,0.94214,0.60372,1.40387,0.70575,2.29475,1.981e-05,1.981e-05,1.981e-05
407,219187,0.19892,0.12511,0.80894,0.94278,0.89052,0.94212,0.60407,1.4036,0.70439,2.29551,1.9612e-05,1.9612e-05,1.9612e-05
408,219901,0.20208,0.12569,0.8146,0.94285,0.89065,0.94202,0.60229,1.40424,0.7058,2.29626,1.9414e-05,1.9414e-05,1.9414e-05
409,220609,0.20137,0.12816,0.81731,0.94282,0.89071,0.94196,0.60213,1.40471,0.70804,2.29716,1.9216e-05,1.9216e-05,1.9216e-05
410,221347,0.19885,0.12364,0.81395,0.94289,0.89067,0.94186,0.60263,1.40411,0.70814,2.2966,1.9018e-05,1.9018e-05,1.9018e-05
411,221993,0.20067,0.12618,0.81668,0.9429,0.89074,0.94179,0.60301,1.40441,0.70903,2.29739,1.882e-05,1.882e-05,1.882e-05
412,222650,0.20019,0.12553,0.81567,0.94297,0.89077,0.94157,0.60261,1.40363,0.7097,2.29718,1.8622e-05,1.8622e-05,1.8622e-05
413,223333,0.19996,0.12576,0.81392,0.94314,0.89071,0.94152,0.60245,1.40318,0.70966,2.29679,1.8424e-05,1.8424e-05,1.8424e-05
414,224049,0.20243,0.12643,0.81383,0.94323,0.89068,0.94152,0.60267,1.40312,0.71134,2.29652,1.8226e-05,1.8226e-05,1.8226e-05
415,224791,0.19887,0.12675,0.81329,0.94338,0.89066,0.94152,0.60199,1.40326,0.71274,2.29677,1.8028e-05,1.8028e-05,1.8028e-05
416,225523,0.19412,0.12401,0.80929,0.94335,0.89058,0.94143,0.60103,1.40315,0.71385,2.29665,1.783e-05,1.783e-05,1.783e-05
417,226259,0.19805,0.12376,0.81384,0.94345,0.89047,0.94131,0.60132,1.40235,0.71538,2.29635,1.7632e-05,1.7632e-05,1.7632e-05
418,226928,0.19776,0.12457,0.81336,0.94322,0.89031,0.94112,0.60265,1.4021,0.71554,2.29641,1.7434e-05,1.7434e-05,1.7434e-05
419,227620,0.19471,0.12277,0.81167,0.94333,0.89024,0.94125,0.60338,1.40158,0.71657,2.29619,1.7236e-05,1.7236e-05,1.7236e-05
420,228356,0.19834,0.12528,0.8133,0.94451,0.89001,0.94127,0.60319,1.40193,0.71859,2.29662,1.7038e-05,1.7038e-05,1.7038e-05
421,229069,0.19685,0.12402,0.81205,0.94451,0.88993,0.9411,0.60348,1.40121,0.71968,2.29594,1.684e-05,1.684e-05,1.684e-05
422,229780,0.19786,0.12668,0.81343,0.94454,0.88981,0.94102,0.60362,1.40051,0.71963,2.29499,1.6642e-05,1.6642e-05,1.6642e-05
423,230583,0.1946,0.12223,0.80969,0.94456,0.88983,0.94094,0.6026,1.40066,0.7203,2.29529,1.6444e-05,1.6444e-05,1.6444e-05
424,231347,0.19316,0.12073,0.80759,0.94464,0.88975,0.94094,0.60233,1.40034,0.72076,2.29529,1.6246e-05,1.6246e-05,1.6246e-05
425,232198,0.19242,0.12245,0.80823,0.94472,0.88977,0.94093,0.60234,1.40024,0.72105,2.29565,1.6048e-05,1.6048e-05,1.6048e-05
426,232985,0.19517,0.12315,0.81214,0.94465,0.88986,0.94089,0.60124,1.39957,0.72157,2.29559,1.585e-05,1.585e-05,1.585e-05
427,233791,0.19017,0.12105,0.80872,0.94269,0.88851,0.94074,0.6012,1.3996,0.72244,2.29577,1.5652e-05,1.5652e-05,1.5652e-05
428,234524,0.19049,0.12045,0.80878,0.94246,0.88851,0.9408,0.60106,1.39954,0.72251,2.29572,1.5454e-05,1.5454e-05,1.5454e-05
429,235292,0.19071,0.12184,0.80896,0.94207,0.88845,0.94074,0.60132,1.39926,0.72214,2.29593,1.5256e-05,1.5256e-05,1.5256e-05
430,236111,0.19005,0.12055,0.8072,0.94119,0.88843,0.9407,0.602,1.39904,0.72206,2.29584,1.5058e-05,1.5058e-05,1.5058e-05
431,236998,0.19113,0.12228,0.8093,0.94141,0.88822,0.94075,0.6016,1.39867,0.72363,2.29619,1.486e-05,1.486e-05,1.486e-05
432,237819,0.18591,0.11959,0.80743,0.94155,0.88819,0.9406,0.60168,1.39831,0.72348,2.29645,1.4662e-05,1.4662e-05,1.4662e-05
433,238507,0.19058,0.12246,0.80892,0.93906,0.88551,0.93943,0.60132,1.39808,0.72478,2.29632,1.4464e-05,1.4464e-05,1.4464e-05
434,239216,0.18622,0.12013,0.80494,0.94157,0.88789,0.9396,0.60214,1.398,0.72099,2.29658,1.4266e-05,1.4266e-05,1.4266e-05
435,240065,0.18716,0.11737,0.8073,0.93908,0.88591,0.93953,0.60127,1.39838,0.72506,2.29611,1.4068e-05,1.4068e-05,1.4068e-05
436,240947,0.18684,0.11762,0.8097,0.93908,0.88582,0.93955,0.60227,1.3973,0.72531,2.29598,1.387e-05,1.387e-05,1.387e-05
437,241773,0.18559,0.11697,0.80762,0.93913,0.88577,0.93939,0.6015,1.39918,0.72818,2.29823,1.3672e-05,1.3672e-05,1.3672e-05
438,242620,0.18666,0.11766,0.81037,0.93917,0.88573,0.9395,0.60292,1.39913,0.73003,2.29827,1.3474e-05,1.3474e-05,1.3474e-05
439,243507,0.18566,0.12021,0.80747,0.95269,0.86902,0.9394,0.60251,1.39912,0.7309,2.2985,1.3276e-05,1.3276e-05,1.3276e-05
440,244386,0.18616,0.11835,0.80935,0.93437,0.88218,0.93927,0.60308,1.39897,0.73082,2.29894,1.3078e-05,1.3078e-05,1.3078e-05
441,245428,0.18498,0.11823,0.80864,0.93445,0.88207,0.93917,0.60361,1.3987,0.73359,2.29852,1.288e-05,1.288e-05,1.288e-05
442,246432,0.18296,0.11766,0.80737,0.95253,0.86842,0.93936,0.60351,1.39827,0.73313,2.29937,1.2682e-05,1.2682e-05,1.2682e-05
443,247376,0.18334,0.11828,0.80809,0.95251,0.86826,0.93951,0.60365,1.39793,0.73429,2.2993,1.2484e-05,1.2484e-05,1.2484e-05
444,248386,0.18697,0.12071,0.80958,0.93467,0.8819,0.93941,0.60277,1.39805,0.73624,2.29938,1.2286e-05,1.2286e-05,1.2286e-05
445,249372,0.18209,0.11555,0.8061,0.9347,0.88198,0.93934,0.60267,1.39891,0.73387,2.30008,1.2088e-05,1.2088e-05,1.2088e-05
446,250621,0.18219,0.11676,0.80627,0.93486,0.8819,0.93947,0.60305,1.39914,0.7352,2.30138,1.189e-05,1.189e-05,1.189e-05
447,251504,0.18612,0.12072,0.80743,0.93476,0.88203,0.93936,0.60362,1.40138,0.73406,2.30274,1.1692e-05,1.1692e-05,1.1692e-05
448,252520,0.18527,0.11948,0.81087,0.93484,0.882,0.93795,0.60252,1.4007,0.73596,2.30171,1.1494e-05,1.1494e-05,1.1494e-05
449,253814,0.17827,0.1146,0.80149,0.93455,0.88214,0.93764,0.60333,1.40054,0.73755,2.30145,1.1296e-05,1.1296e-05,1.1296e-05
450,254837,0.18052,0.11608,0.80677,0.93473,0.88211,0.93779,0.60355,1.40012,0.73781,2.3026,1.1098e-05,1.1098e-05,1.1098e-05
451,255766,0.18546,0.11902,0.80926,0.93497,0.88205,0.93768,0.60353,1.40054,0.74092,2.30261,1.09e-05,1.09e-05,1.09e-05
452,257009,0.18233,0.11837,0.8057,0.93512,0.88206,0.93782,0.6039,1.4,0.74175,2.30267,1.0702e-05,1.0702e-05,1.0702e-05
453,257877,0.17872,0.11665,0.80557,0.93527,0.88204,0.93764,0.60337,1.40057,0.74399,2.30349,1.0504e-05,1.0504e-05,1.0504e-05
454,258934,0.17735,0.11505,0.80527,0.93571,0.88155,0.93775,0.60362,1.40096,0.74531,2.3042,1.0306e-05,1.0306e-05,1.0306e-05
455,259730,0.17841,0.11484,0.80702,0.93594,0.88161,0.93772,0.60373,1.4012,0.748,2.30474,1.0108e-05,1.0108e-05,1.0108e-05
456,260741,0.17893,0.11573,0.80568,0.93613,0.88157,0.93767,0.60385,1.40113,0.74455,2.30478,9.91e-06,9.91e-06,9.91e-06
457,261741,0.17706,0.11429,0.80521,0.93629,0.88175,0.93775,0.60286,1.40061,0.74665,2.30464,9.712e-06,9.712e-06,9.712e-06
458,262661,0.17826,0.11368,0.80402,0.93639,0.88153,0.93766,0.60307,1.40018,0.7472,2.30431,9.514e-06,9.514e-06,9.514e-06
459,263702,0.17358,0.1124,0.80284,0.9367,0.88131,0.93559,0.60339,1.40002,0.74782,2.30423,9.316e-06,9.316e-06,9.316e-06
460,264749,0.17441,0.11222,0.80274,0.93705,0.88135,0.93549,0.6032,1.39981,0.74973,2.30462,9.118e-06,9.118e-06,9.118e-06
461,655.284,0.18291,0.12093,0.80724,0.93701,0.8812,0.93549,0.60287,1.39993,0.7503,2.30475,8.92e-06,8.92e-06,8.92e-06
462,1471.56,0.17975,0.11675,0.80488,0.93694,0.88092,0.93541,0.60296,1.39996,0.75162,2.30552,8.722e-06,8.722e-06,8.722e-06
463,2562.99,0.18051,0.11721,0.80668,0.93712,0.88099,0.93547,0.60252,1.4,0.7508,2.30623,8.524e-06,8.524e-06,8.524e-06
464,3721.23,0.17851,0.11582,0.80412,0.93715,0.88085,0.93559,0.60287,1.39955,0.75045,2.30612,8.326e-06,8.326e-06,8.326e-06
465,4717.75,0.17684,0.11409,0.80293,0.93649,0.88198,0.93559,0.60305,1.39962,0.75153,2.30658,8.128e-06,8.128e-06,8.128e-06
466,5853.91,0.18072,0.11603,0.80677,0.93657,0.88191,0.9355,0.60308,1.39882,0.75104,2.30694,7.93e-06,7.93e-06,7.93e-06
467,7075.09,0.1774,0.11229,0.80424,0.93662,0.88186,0.93552,0.60272,1.39907,0.74989,2.30816,7.732e-06,7.732e-06,7.732e-06
468,8321.28,0.17937,0.11499,0.80578,0.93664,0.88173,0.93564,0.60373,1.39892,0.74986,2.30834,7.534e-06,7.534e-06,7.534e-06
469,9537.17,0.17786,0.1137,0.80432,0.9367,0.88163,0.93573,0.60342,1.39874,0.74811,2.30891,7.336e-06,7.336e-06,7.336e-06
470,10668.9,0.17916,0.11457,0.80675,0.93688,0.88161,0.93573,0.60444,1.39887,0.74876,2.3096,7.138e-06,7.138e-06,7.138e-06
471,11762.4,0.17837,0.11603,0.80553,0.93701,0.88154,0.93575,0.60396,1.39856,0.74931,2.31006,6.94e-06,6.94e-06,6.94e-06
472,12864.2,0.18033,0.11588,0.80701,0.93696,0.88137,0.93573,0.60384,1.39805,0.74772,2.30975,6.742e-06,6.742e-06,6.742e-06
473,14068,0.18006,0.11566,0.80787,0.93694,0.88141,0.93573,0.60277,1.39785,0.74769,2.31042,6.544e-06,6.544e-06,6.544e-06
474,15068.4,0.18161,0.11673,0.80763,0.93721,0.88137,0.93575,0.60318,1.39774,0.74492,2.31136,6.346e-06,6.346e-06,6.346e-06
475,16485.8,0.17676,0.11503,0.8045,0.93744,0.88122,0.93559,0.60374,1.39754,0.74417,2.31168,6.148e-06,6.148e-06,6.148e-06
476,17586.5,0.17819,0.11463,0.80529,0.93774,0.88124,0.93575,0.6044,1.39733,0.745,2.31215,5.95e-06,5.95e-06,5.95e-06
477,18674.2,0.17698,0.11586,0.80458,0.93804,0.88122,0.93554,0.60462,1.39698,0.74683,2.31215,5.752e-06,5.752e-06,5.752e-06
478,20065.8,0.17619,0.11305,0.80596,0.93801,0.88109,0.93556,0.60423,1.39708,0.74706,2.31285,5.554e-06,5.554e-06,5.554e-06
479,21129,0.17782,0.11533,0.80438,0.93933,0.87885,0.93563,0.60322,1.39691,0.7463,2.31376,5.356e-06,5.356e-06,5.356e-06
480,22265.7,0.17549,0.11415,0.80651,0.93949,0.87876,0.93557,0.60352,1.39762,0.74923,2.31397,5.158e-06,5.158e-06,5.158e-06
481,23624.9,0.17211,0.11172,0.80335,0.93956,0.87873,0.93557,0.60369,1.3966,0.74685,2.31408,4.96e-06,4.96e-06,4.96e-06
482,24826.4,0.17945,0.11564,0.80678,0.93968,0.87854,0.93575,0.60345,1.39832,0.7506,2.3154,4.762e-06,4.762e-06,4.762e-06
483,26081.8,0.17489,0.11178,0.80435,0.93974,0.87852,0.93557,0.60353,1.39806,0.75094,2.31548,4.564e-06,4.564e-06,4.564e-06
484,27460.5,0.17464,0.11414,0.80459,0.93963,0.87856,0.93556,0.6038,1.39737,0.74929,2.3158,4.366e-06,4.366e-06,4.366e-06
485,28505.7,0.17097,0.11262,0.80198,0.94111,0.87656,0.93563,0.60366,1.39844,0.75238,2.31706,4.168e-06,4.168e-06,4.168e-06
486,29893.6,0.16882,0.10899,0.80015,0.93849,0.88004,0.93565,0.60371,1.39826,0.75125,2.31787,3.97e-06,3.97e-06,3.97e-06
487,31839.5,0.17203,0.11011,0.80358,0.93829,0.88039,0.93565,0.60258,1.39764,0.7501,2.31817,3.772e-06,3.772e-06,3.772e-06
488,33066.2,0.17434,0.11297,0.80688,0.93829,0.88038,0.93565,0.60298,1.39814,0.75248,2.31905,3.574e-06,3.574e-06,3.574e-06
489,34346.4,0.17453,0.11406,0.80792,0.94115,0.87629,0.93568,0.60363,1.39832,0.75243,2.32022,3.376e-06,3.376e-06,3.376e-06
490,35348.4,0.17337,0.11279,0.80571,0.94128,0.87633,0.93558,0.60366,1.39808,0.75355,2.32018,3.178e-06,3.178e-06,3.178e-06
491,36684.4,0.14424,0.09013,0.78704,0.94139,0.87611,0.93563,0.60394,1.3978,0.75223,2.32089,2.98e-06,2.98e-06,2.98e-06
492,38204.2,0.14178,0.08909,0.78592,0.94148,0.87611,0.93559,0.60308,1.39813,0.75286,2.32173,2.782e-06,2.782e-06,2.782e-06
493,40019.1,0.14289,0.08972,0.78198,0.94228,0.87564,0.93562,0.60438,1.39836,0.75428,2.3225,2.584e-06,2.584e-06,2.584e-06
494,41333.6,0.14199,0.08951,0.78514,0.94005,0.87759,0.9357,0.60484,1.39829,0.7563,2.32323,2.386e-06,2.386e-06,2.386e-06
495,42416.7,0.14047,0.08867,0.78531,0.94031,0.87709,0.9357,0.60318,1.39794,0.75664,2.32367,2.188e-06,2.188e-06,2.188e-06
496,44095.6,0.14259,0.08975,0.78357,0.94399,0.87558,0.93443,0.60228,1.39775,0.75571,2.32454,1.99e-06,1.99e-06,1.99e-06
497,45078.8,0.14058,0.08936,0.78537,0.94432,0.87544,0.93421,0.60292,1.39782,0.75612,2.32557,1.792e-06,1.792e-06,1.792e-06
498,46500.6,0.1398,0.08795,0.78571,0.94494,0.87532,0.93432,0.60237,1.3977,0.75525,2.32633,1.594e-06,1.594e-06,1.594e-06
499,48002.7,0.14006,0.0883,0.7866,0.94471,0.87544,0.93331,0.60237,1.39721,0.75448,2.32628,1.396e-06,1.396e-06,1.396e-06
500,49107.3,0.14017,0.08892,0.78532,0.94513,0.87537,0.93355,0.60124,1.39729,0.75427,2.32707,1.198e-06,1.198e-06,1.198e-06
