epoch,time,train/box_loss,train/cls_loss,train/dfl_loss,metrics/precision(B),metrics/recall(B),metrics/mAP50(B),metrics/mAP50-95(B),val/box_loss,val/cls_loss,val/dfl_loss,lr/pg0,lr/pg1,lr/pg2
1,443.297,0.74523,1.19796,1.09537,0.83534,0.81481,0.85069,0.45757,1.1647,0.78579,1.56176,0.066814,3.32192e-05,3.32192e-05
2,1037.99,0.56325,0.30903,0.95209,0.85353,0.77778,0.85778,0.47918,1.15243,0.78512,1.43343,0.0335137,6.62231e-05,6.62231e-05
3,2004.59,0.47805,0.24215,0.89717,0.85766,0.66667,0.82251,0.44886,1.24485,0.87531,1.76988,0.000213052,9.8897e-05,9.8897e-05
4,2700.07,0.42608,0.21524,0.86081,0.82143,0.85185,0.87718,0.47083,1.22443,0.80536,1.72279,9.8515e-05,9.8515e-05,9.8515e-05
5,3179.77,0.41395,0.20378,0.85264,0.81132,0.7963,0.84949,0.46323,1.25706,0.91271,1.66763,9.802e-05,9.802e-05,9.802e-05
6,3763.96,0.4124,0.20644,0.85914,0.85795,0.75926,0.84038,0.44985,1.22014,0.90255,1.71009,9.7525e-05,9.7525e-05,9.7525e-05
7,4281.06,0.40801,0.2067,0.8404,0.7931,0.85185,0.84188,0.49797,1.18738,0.88438,1.6793,9.703e-05,9.703e-05,9.703e-05
8,4901.54,0.39542,0.20247,0.84729,0.85499,0.76441,0.85272,0.4835,1.15465,0.83257,1.64547,9.6535e-05,9.6535e-05,9.6535e-05
9,5405.85,0.37177,0.18377,0.81079,0.75862,0.81481,0.83257,0.44993,1.27251,0.96383,1.77812,9.604e-05,9.604e-05,9.604e-05
10,5889.38,0.3774,0.19144,0.83633,0.87935,0.80994,0.88259,0.47365,1.23743,0.89121,1.71923,9.5545e-05,9.5545e-05,9.5545e-05
11,6391.42,0.37804,0.18318,0.83493,0.78689,0.88889,0.88746,0.46887,1.24754,0.80637,1.71671,9.505e-05,9.505e-05,9.505e-05
12,6945.51,0.37631,0.18859,0.84525,0.72581,0.83333,0.81691,0.46958,1.20683,0.96484,1.56398,9.4555e-05,9.4555e-05,9.4555e-05
13,7430.32,0.36191,0.18228,0.83427,0.86614,0.87037,0.90027,0.48501,1.22003,0.71416,1.75529,9.406e-05,9.406e-05,9.406e-05
14,7976.66,0.35686,0.18192,0.81318,0.89579,0.7963,0.86993,0.49756,1.16909,0.77659,1.62933,9.3565e-05,9.3565e-05,9.3565e-05
15,8467.42,0.35511,0.17815,0.80935,0.80328,0.90741,0.87377,0.48673,1.23582,0.78249,1.727,9.307e-05,9.307e-05,9.307e-05
16,9004.15,0.35537,0.17674,0.81065,0.82143,0.85185,0.84814,0.45532,1.2422,0.90595,1.74513,9.2575e-05,9.2575e-05,9.2575e-05
17,9450.93,0.34629,0.17962,0.82218,0.83636,0.85185,0.84938,0.47696,1.22856,0.8288,1.76923,9.208e-05,9.208e-05,9.208e-05
18,9973.21,0.33866,0.16843,0.81468,0.83636,0.85185,0.86278,0.46014,1.20794,0.79061,1.75545,9.1585e-05,9.1585e-05,9.1585e-05
19,10424.3,0.34846,0.17872,0.83287,0.86275,0.81481,0.85336,0.45316,1.22948,0.87102,1.75432,9.109e-05,9.109e-05,9.109e-05
20,10908.4,0.34719,0.17785,0.8118,0.85417,0.75926,0.82255,0.41154,1.24036,0.75276,1.90489,9.0595e-05,9.0595e-05,9.0595e-05
21,11354.7,0.32666,0.16998,0.79786,0.73438,0.87037,0.8599,0.42892,1.2313,0.82554,1.75377,9.01e-05,9.01e-05,9.01e-05
22,11851.8,0.32399,0.17348,0.79704,0.85687,0.7761,0.79508,0.39268,1.29841,0.88121,1.89636,8.9605e-05,8.9605e-05,8.9605e-05
23,12310.7,0.33782,0.18641,0.82267,0.77049,0.87037,0.86984,0.46888,1.22358,0.88452,1.76216,8.911e-05,8.911e-05,8.911e-05
24,12808.9,0.32654,0.16532,0.81093,0.77966,0.85185,0.83848,0.45583,1.17548,0.93472,1.69957,8.8615e-05,8.8615e-05,8.8615e-05
25,13319.4,0.31554,0.16594,0.80311,0.91106,0.75875,0.85848,0.41972,1.33114,0.88456,1.91392,8.812e-05,8.812e-05,8.812e-05
26,13797.1,0.31915,0.1674,0.80687,0.85185,0.85185,0.85342,0.40999,1.31112,0.85242,1.83992,8.7625e-05,8.7625e-05,8.7625e-05
27,14226.4,0.3235,0.17521,0.80689,0.89362,0.77778,0.80753,0.41463,1.2423,1.15112,1.80017,8.713e-05,8.713e-05,8.713e-05
28,14693.5,0.30841,0.16221,0.79338,0.87037,0.87037,0.85152,0.45078,1.24164,0.78503,1.76781,8.6635e-05,8.6635e-05,8.6635e-05
29,15195.2,0.31116,0.1696,0.81495,0.88924,0.74341,0.82805,0.45222,1.20099,0.85392,1.78072,8.614e-05,8.614e-05,8.614e-05
30,15829.6,0.31689,0.16694,0.79669,0.90881,0.73829,0.82088,0.44019,1.23063,0.87617,1.79667,8.5645e-05,8.5645e-05,8.5645e-05
31,16451.7,0.31778,0.19184,0.80774,0.87234,0.75926,0.82395,0.44282,1.24708,1.05653,1.81441,8.515e-05,8.515e-05,8.515e-05
32,17042.7,0.29871,0.15618,0.78377,0.87755,0.7963,0.86336,0.46462,1.21935,0.86333,1.7711,8.4655e-05,8.4655e-05,8.4655e-05
33,17620.5,0.31075,0.16393,0.80872,0.90105,0.81481,0.86013,0.49729,1.18803,0.93499,1.7149,8.416e-05,8.416e-05,8.416e-05
34,18194.7,0.29368,0.1554,0.77107,0.82143,0.85185,0.88259,0.44695,1.27421,0.87781,1.98633,8.3665e-05,8.3665e-05,8.3665e-05
35,18815,0.29589,0.15821,0.79004,0.91391,0.85185,0.89598,0.4555,1.25956,0.7573,2.01671,8.317e-05,8.317e-05,8.317e-05
36,19413.8,0.2963,0.16306,0.79652,0.8749,0.77706,0.877,0.45692,1.29046,0.75299,2.04609,8.2675e-05,8.2675e-05,8.2675e-05
37,19993.1,0.28377,0.14742,0.78357,0.81356,0.88889,0.88157,0.47162,1.23462,0.71494,1.81521,8.218e-05,8.218e-05,8.218e-05
38,20498.1,0.28326,0.15144,0.78321,0.80769,0.77778,0.80546,0.42479,1.25951,0.90313,1.86127,8.1685e-05,8.1685e-05,8.1685e-05
39,20992.3,0.2886,0.15421,0.79702,0.86428,0.82559,0.85536,0.43146,1.29682,0.74248,1.88607,8.119e-05,8.119e-05,8.119e-05
40,21428.1,0.29208,0.157,0.79964,0.82692,0.7963,0.8255,0.42146,1.28522,0.94485,1.90455,8.0695e-05,8.0695e-05,8.0695e-05
41,21987.9,0.28442,0.15536,0.79401,0.86364,0.7037,0.78861,0.41468,1.3124,0.96807,1.90956,8.02e-05,8.02e-05,8.02e-05
42,22516.5,0.27416,0.14878,0.78848,0.92295,0.66547,0.81205,0.42885,1.2907,1.0194,1.92786,7.9705e-05,7.9705e-05,7.9705e-05
43,23072.9,0.28907,0.15223,0.78772,0.88889,0.59259,0.75051,0.4138,1.28724,1.27645,1.93005,7.921e-05,7.921e-05,7.921e-05
44,23588.5,0.27471,0.14773,0.77352,0.82,0.75926,0.80567,0.42822,1.28715,1.06551,1.89663,7.8715e-05,7.8715e-05,7.8715e-05
45,24221.7,0.27343,0.15213,0.78798,0.81633,0.74074,0.78716,0.42862,1.23532,0.98238,1.93914,7.822e-05,7.822e-05,7.822e-05
46,24718.8,0.28053,0.15411,0.78929,0.84783,0.72222,0.80078,0.4326,1.26488,1.16969,1.93667,7.7725e-05,7.7725e-05,7.7725e-05
47,25247,0.26634,0.14212,0.76952,0.83721,0.66667,0.74194,0.42906,1.24163,1.3152,1.86156,7.723e-05,7.723e-05,7.723e-05
48,25777.4,0.26458,0.14215,0.77701,0.87179,0.62963,0.75076,0.4111,1.21334,1.21976,1.80617,7.6735e-05,7.6735e-05,7.6735e-05
49,26267.9,0.28719,0.15433,0.79815,0.83333,0.74074,0.78492,0.45453,1.14702,1.04341,1.77607,7.624e-05,7.624e-05,7.624e-05
50,26849.3,0.26205,0.14024,0.74082,0.86,0.7963,0.82742,0.43873,1.25047,0.96544,1.96592,7.5745e-05,7.5745e-05,7.5745e-05
51,27366.1,0.27612,0.14744,0.80057,0.875,0.77778,0.80885,0.44885,1.24703,0.94216,1.92279,7.525e-05,7.525e-05,7.525e-05
52,27867.8,0.26777,0.1441,0.77277,0.85714,0.77778,0.81643,0.43489,1.27399,0.91216,1.96297,7.4755e-05,7.4755e-05,7.4755e-05
53,28381,0.25818,0.1456,0.7861,0.86275,0.81481,0.83198,0.43212,1.31432,0.78592,2.00365,7.426e-05,7.426e-05,7.426e-05
54,28956.6,0.2535,0.13942,0.76096,0.84314,0.7963,0.83162,0.45192,1.26876,0.79416,1.97281,7.3765e-05,7.3765e-05,7.3765e-05
55,29491.5,0.25454,0.13981,0.7774,0.81132,0.7963,0.81634,0.41938,1.35038,0.76836,2.06729,7.327e-05,7.327e-05,7.327e-05
56,30049,0.2518,0.13855,0.76277,0.85119,0.77778,0.83146,0.45982,1.25021,0.70664,1.94007,7.2775e-05,7.2775e-05,7.2775e-05
57,30657.6,0.25532,0.13984,0.77264,0.82692,0.7963,0.83478,0.4566,1.22607,0.89222,1.89514,7.228e-05,7.228e-05,7.228e-05
58,31297.1,0.2496,0.13449,0.77212,0.875,0.77778,0.82969,0.43495,1.24371,0.9044,1.90183,7.1785e-05,7.1785e-05,7.1785e-05
59,31862.1,0.25196,0.13694,0.7819,0.86792,0.85185,0.86974,0.49564,1.21919,0.74531,1.80496,7.129e-05,7.129e-05,7.129e-05
60,32450,0.24868,0.13539,0.77702,0.875,0.77778,0.83845,0.46894,1.24505,0.81718,1.85035,7.0795e-05,7.0795e-05,7.0795e-05
61,32925.9,0.2451,0.13749,0.78893,0.86047,0.68519,0.79379,0.43186,1.23178,1.10464,1.80067,7.03e-05,7.03e-05,7.03e-05
62,33445.4,0.24329,0.13839,0.76511,0.85417,0.75926,0.8191,0.42365,1.27594,0.98048,1.91598,6.9805e-05,6.9805e-05,6.9805e-05
63,33864.9,0.25424,0.13707,0.77688,0.86,0.7963,0.83343,0.45627,1.26336,0.89457,1.83733,6.931e-05,6.931e-05,6.931e-05
64,34463.6,0.23912,0.13009,0.77607,0.87755,0.7963,0.83289,0.42618,1.30291,0.89158,1.99637,6.8815e-05,6.8815e-05,6.8815e-05
65,34955.2,0.23087,0.13447,0.75661,0.875,0.77778,0.84128,0.46206,1.24814,0.93198,1.89807,6.832e-05,6.832e-05,6.832e-05
66,35416.3,0.23362,0.12885,0.7476,0.88,0.81481,0.84235,0.48158,1.21842,0.79538,1.85722,6.7825e-05,6.7825e-05,6.7825e-05
67,35809.2,0.23805,0.13419,0.7631,0.89362,0.77778,0.82203,0.45832,1.27689,1.07641,1.88589,6.733e-05,6.733e-05,6.733e-05
68,36282.1,0.23286,0.13023,0.75851,0.86275,0.81481,0.84571,0.45892,1.25465,0.91921,1.88285,6.6835e-05,6.6835e-05,6.6835e-05
69,36708.9,0.23855,0.12945,0.76561,0.88889,0.74074,0.81769,0.44248,1.23585,1.01857,1.81739,6.634e-05,6.634e-05,6.634e-05
70,37182.5,0.23745,0.13095,0.76552,0.89241,0.64815,0.76755,0.39134,1.23531,1.07418,1.85333,6.5845e-05,6.5845e-05,6.5845e-05
71,37634.9,0.24573,0.13866,0.7794,0.8913,0.75926,0.82719,0.45952,1.25392,0.83032,1.92218,6.535e-05,6.535e-05,6.535e-05
72,38117.3,0.23694,0.13031,0.78104,0.85417,0.75926,0.79905,0.45445,1.20897,1.01749,1.81163,6.4855e-05,6.4855e-05,6.4855e-05
73,38577.3,0.22856,0.12619,0.76882,0.85106,0.74074,0.79415,0.44466,1.23831,0.91009,1.84416,6.436e-05,6.436e-05,6.436e-05
74,39200,0.22587,0.12553,0.77201,0.83333,0.74074,0.79006,0.42997,1.22403,0.98476,1.86008,6.3865e-05,6.3865e-05,6.3865e-05
75,39661.5,0.22843,0.1299,0.75241,0.82143,0.85185,0.84644,0.46013,1.22169,1.00951,1.82116,6.337e-05,6.337e-05,6.337e-05
76,40166.4,0.22982,0.13065,0.76877,0.86,0.7963,0.83796,0.46839,1.25159,0.95565,1.92354,6.2875e-05,6.2875e-05,6.2875e-05
77,40645,0.23363,0.13122,0.78906,0.81132,0.7963,0.81819,0.44586,1.23881,0.94929,1.82921,6.238e-05,6.238e-05,6.238e-05
78,41201.3,0.2164,0.12386,0.75745,0.91474,0.64815,0.78209,0.41044,1.28477,0.87404,1.97583,6.1885e-05,6.1885e-05,6.1885e-05
79,41627.6,0.22086,0.12244,0.76333,0.875,0.77778,0.83764,0.45054,1.2614,0.74264,1.96861,6.139e-05,6.139e-05,6.139e-05
80,42137.2,0.21981,0.12755,0.771,0.85714,0.77778,0.84219,0.45313,1.2091,0.79158,1.84193,6.0895e-05,6.0895e-05,6.0895e-05
81,42629.8,0.22745,0.12539,0.75112,0.86,0.7963,0.82099,0.46744,1.17692,0.82312,1.82036,6.04e-05,6.04e-05,6.04e-05
82,43100.2,0.21407,0.12289,0.75834,0.89362,0.77778,0.82513,0.43678,1.20972,0.9438,1.83877,5.9905e-05,5.9905e-05,5.9905e-05
83,43570.6,0.20732,0.11913,0.73038,0.86957,0.74074,0.80075,0.43855,1.18725,0.89513,1.85716,5.941e-05,5.941e-05,5.941e-05
84,44150.5,0.22327,0.12767,0.7873,0.89796,0.81481,0.85962,0.45698,1.22622,0.79875,1.90956,5.8915e-05,5.8915e-05,5.8915e-05
85,44600.6,0.21913,0.12179,0.78541,0.87234,0.75926,0.83125,0.44436,1.25279,1.06437,1.91758,5.842e-05,5.842e-05,5.842e-05
86,45102.1,0.20698,0.11703,0.76221,0.84783,0.72222,0.81351,0.45068,1.2329,1.02974,1.89922,5.7925e-05,5.7925e-05,5.7925e-05
87,45619.2,0.20169,0.11958,0.7685,0.86,0.7963,0.84624,0.4465,1.24386,0.87003,1.95061,5.743e-05,5.743e-05,5.743e-05
88,46129.5,0.20279,0.11611,0.75285,0.8913,0.75926,0.82999,0.45027,1.20873,0.84544,1.93079,5.6935e-05,5.6935e-05,5.6935e-05
89,46598.4,0.20507,0.11688,0.7556,0.89796,0.81481,0.85781,0.46591,1.19449,0.89137,1.86725,5.644e-05,5.644e-05,5.644e-05
90,47177.6,0.20252,0.11741,0.73996,0.89583,0.7963,0.848,0.45745,1.20534,0.94919,1.91747,5.5945e-05,5.5945e-05,5.5945e-05
91,47724,0.20381,0.11664,0.76297,0.89583,0.7963,0.84106,0.45882,1.2117,0.86327,1.92454,5.545e-05,5.545e-05,5.545e-05
92,48265,0.19813,0.11558,0.75857,0.91489,0.7963,0.8473,0.45323,1.20427,0.93027,1.91493,5.4955e-05,5.4955e-05,5.4955e-05
93,48794.2,0.20554,0.12875,0.75884,0.91667,0.81481,0.86478,0.45707,1.21742,0.92294,1.9456,5.446e-05,5.446e-05,5.446e-05
94,49442.8,0.21104,0.12044,0.77218,0.9,0.83333,0.8722,0.47238,1.20761,0.87789,1.90808,5.3965e-05,5.3965e-05,5.3965e-05
95,49909,0.20868,0.11966,0.77172,0.91489,0.7963,0.8581,0.47037,1.18886,0.8726,1.89898,5.347e-05,5.347e-05,5.347e-05
96,50404.9,0.21507,0.12197,0.77806,0.83019,0.81481,0.85297,0.44584,1.22529,0.93252,1.95926,5.2975e-05,5.2975e-05,5.2975e-05
97,50852.9,0.19644,0.11414,0.74159,0.83019,0.81481,0.84771,0.44862,1.20879,0.89435,1.89961,5.248e-05,5.248e-05,5.248e-05
98,51384.7,0.20049,0.11308,0.74503,0.82,0.75926,0.82013,0.43936,1.21536,1.06808,1.91873,5.1985e-05,5.1985e-05,5.1985e-05
99,51857.9,0.19699,0.11751,0.74369,0.84314,0.7963,0.8413,0.44829,1.19083,0.93084,1.92076,5.149e-05,5.149e-05,5.149e-05
100,52339.8,0.19664,0.1194,0.74365,0.78,0.72222,0.78158,0.42977,1.20938,1.11389,1.95856,5.0995e-05,5.0995e-05,5.0995e-05
101,52774.6,0.1978,0.11488,0.75485,0.8,0.74074,0.7917,0.43515,1.19072,0.98603,1.89054,5.05e-05,5.05e-05,5.05e-05
102,53346.1,0.19137,0.11303,0.75945,0.82,0.75926,0.82051,0.44879,1.183,0.91217,1.90877,5.0005e-05,5.0005e-05,5.0005e-05
103,53803.6,0.19873,0.11497,0.77593,0.83673,0.75926,0.82399,0.4467,1.17922,0.92486,1.88091,4.951e-05,4.951e-05,4.951e-05
104,54284.1,0.18753,0.11137,0.75651,0.875,0.77778,0.83005,0.44629,1.20511,0.92274,1.89365,4.9015e-05,4.9015e-05,4.9015e-05
105,54811.3,0.19239,0.11465,0.75139,0.88889,0.74074,0.81771,0.43972,1.2117,0.92038,1.91659,4.852e-05,4.852e-05,4.852e-05
106,55346.3,0.18709,0.1104,0.74693,0.85106,0.74074,0.80411,0.42992,1.2076,1.04818,1.91395,4.8025e-05,4.8025e-05,4.8025e-05
107,55776,0.18584,0.10875,0.74629,0.85714,0.77778,0.8164,0.43669,1.23525,1.06396,1.97224,4.753e-05,4.753e-05,4.753e-05
108,56320,0.18024,0.10964,0.74938,0.88,0.81481,0.84187,0.45274,1.225,1.01254,2.02977,4.7035e-05,4.7035e-05,4.7035e-05
109,56823.9,0.19069,0.11264,0.75533,0.87755,0.7963,0.83496,0.45003,1.23645,0.97458,2.04723,4.654e-05,4.654e-05,4.654e-05
110,57407.9,0.1873,0.10852,0.73562,0.82692,0.7963,0.81568,0.43564,1.26851,0.99613,2.06659,4.6045e-05,4.6045e-05,4.6045e-05
111,57862.8,0.17697,0.10697,0.73556,0.82692,0.7963,0.81588,0.4328,1.23803,0.99286,2.01038,4.555e-05,4.555e-05,4.555e-05
112,58452.8,0.18062,0.10499,0.76051,0.875,0.77778,0.81544,0.42784,1.22039,1.00357,1.98504,4.5055e-05,4.5055e-05,4.5055e-05
113,58916,0.17854,0.10867,0.7623,0.88,0.81481,0.83806,0.44813,1.21673,1.00233,1.95393,4.456e-05,4.456e-05,4.456e-05
114,59433,0.17221,0.10372,0.7515,0.88,0.81481,0.83464,0.448,1.2048,0.98369,1.94025,4.4065e-05,4.4065e-05,4.4065e-05
115,59905.8,0.1817,0.10717,0.73997,0.88235,0.83333,0.84229,0.44565,1.21504,1.03127,1.95876,4.357e-05,4.357e-05,4.357e-05
116,60406,0.17089,0.10339,0.74386,0.84906,0.83333,0.83909,0.43835,1.22565,0.98899,1.98912,4.3075e-05,4.3075e-05,4.3075e-05
117,60855.4,0.17937,0.11032,0.74153,0.86275,0.81481,0.82144,0.43708,1.20974,1.00844,1.9593,4.258e-05,4.258e-05,4.258e-05
118,61365.6,0.17321,0.10493,0.75592,0.88235,0.83333,0.8464,0.43797,1.20799,1.0608,1.96755,4.2085e-05,4.2085e-05,4.2085e-05
119,61856.8,0.16452,0.10039,0.74271,0.88235,0.83333,0.83842,0.43712,1.22395,1.04449,1.99229,4.159e-05,4.159e-05,4.159e-05
120,62754.9,0.17989,0.10975,0.75008,0.88235,0.83333,0.85019,0.45742,1.21306,1.06167,1.99598,4.1095e-05,4.1095e-05,4.1095e-05
121,63308.2,0.16634,0.09961,0.74703,0.9,0.83333,0.85153,0.46024,1.19273,1.01699,1.96192,4.06e-05,4.06e-05,4.06e-05
122,63783.4,0.17163,0.10549,0.75997,0.89583,0.7963,0.83783,0.45165,1.19637,1.0117,1.94563,4.0105e-05,4.0105e-05,4.0105e-05
123,64268.7,0.15938,0.09787,0.73303,0.87234,0.75926,0.81505,0.44457,1.17586,1.03558,1.9313,3.961e-05,3.961e-05,3.961e-05
124,64703.3,0.16847,0.10321,0.75582,0.86667,0.72222,0.80037,0.45461,1.16902,1.02326,1.93617,3.9115e-05,3.9115e-05,3.9115e-05
125,65143.3,0.16778,0.1033,0.74933,0.88095,0.68519,0.78148,0.43552,1.20157,1.03804,1.99171,3.862e-05,3.862e-05,3.862e-05
126,65703.5,0.16706,0.10308,0.73173,0.88372,0.7037,0.79026,0.42446,1.22558,1.02008,2.02532,3.8125e-05,3.8125e-05,3.8125e-05
127,66155.9,0.16709,0.10238,0.76092,0.85714,0.66667,0.76552,0.41784,1.2186,1.04389,2.01265,3.763e-05,3.763e-05,3.763e-05
128,66643.9,0.16368,0.10345,0.75494,0.88372,0.7037,0.79257,0.43661,1.2015,0.98679,2.00118,3.7135e-05,3.7135e-05,3.7135e-05
129,67070.2,0.15974,0.09964,0.73461,0.88636,0.72222,0.80184,0.4578,1.19078,0.94469,1.99056,3.664e-05,3.664e-05,3.664e-05
130,67563.4,0.16314,0.09884,0.73205,0.8913,0.75926,0.81877,0.46294,1.19978,0.94808,2.0163,3.6145e-05,3.6145e-05,3.6145e-05
131,68039.6,0.15568,0.09821,0.71367,0.89362,0.77778,0.83531,0.46062,1.20461,0.92421,2.01911,3.565e-05,3.565e-05,3.565e-05
132,68574.1,0.1677,0.10135,0.75211,0.91489,0.7963,0.8548,0.46205,1.20234,0.88777,2.02713,3.5155e-05,3.5155e-05,3.5155e-05
133,69035.3,0.16214,0.0999,0.7552,0.91489,0.7963,0.85386,0.45933,1.21043,0.8925,2.04109,3.466e-05,3.466e-05,3.466e-05
134,69563.1,0.1557,0.09766,0.74573,0.91304,0.77778,0.84425,0.45497,1.22043,0.91266,2.04628,3.4165e-05,3.4165e-05,3.4165e-05
135,69992.2,0.16044,0.09857,0.75815,0.8913,0.75926,0.82805,0.44672,1.21975,0.9224,2.04371,3.367e-05,3.367e-05,3.367e-05
136,70513.8,0.15161,0.09483,0.73733,0.90909,0.74074,0.82369,0.44337,1.21772,0.92524,2.05018,3.3175e-05,3.3175e-05,3.3175e-05
137,70991.7,0.15204,0.0969,0.73849,0.88636,0.72222,0.80994,0.43143,1.22563,0.94392,2.04275,3.268e-05,3.268e-05,3.268e-05
138,71494.6,0.15321,0.09942,0.75063,0.88636,0.72222,0.80546,0.43045,1.23641,0.98238,2.04206,3.2185e-05,3.2185e-05,3.2185e-05
139,72028.4,0.15506,0.0948,0.74357,0.90909,0.74074,0.82163,0.4386,1.24104,0.96766,2.0489,3.169e-05,3.169e-05,3.169e-05
140,72549.1,0.1534,0.09709,0.73727,0.88889,0.74074,0.81791,0.43738,1.24281,0.98104,2.04825,3.1195e-05,3.1195e-05,3.1195e-05
141,73054.6,0.14707,0.09517,0.74818,0.88636,0.72222,0.81173,0.43201,1.24078,0.98617,2.059,3.07e-05,3.07e-05,3.07e-05
142,73552.9,0.14898,0.09674,0.75615,0.88372,0.7037,0.79975,0.42739,1.23979,1.07191,2.05286,3.0205e-05,3.0205e-05,3.0205e-05
143,73978.6,0.14709,0.0954,0.74011,0.86047,0.68519,0.7845,0.42143,1.23183,1.06395,2.06231,2.971e-05,2.971e-05,2.971e-05
144,74437.3,0.15055,0.09609,0.75443,0.86364,0.7037,0.79415,0.43569,1.23023,1.00856,2.07383,2.9215e-05,2.9215e-05,2.9215e-05
145,74911.8,0.14332,0.09335,0.73534,0.85714,0.66667,0.76236,0.43298,1.22476,0.98398,2.06321,2.872e-05,2.872e-05,2.872e-05
146,75445.3,0.13938,0.08997,0.71518,0.85714,0.66667,0.76534,0.44368,1.22162,0.97642,2.06027,2.8225e-05,2.8225e-05,2.8225e-05
147,76004.5,0.14923,0.09571,0.73752,0.85366,0.64815,0.75526,0.43313,1.21463,0.95224,2.05547,2.773e-05,2.773e-05,2.773e-05
148,76604.7,0.14366,0.09378,0.75148,0.85714,0.66667,0.76306,0.43273,1.21843,0.98341,2.06246,2.7235e-05,2.7235e-05,2.7235e-05
149,77139.3,0.14503,0.0953,0.74122,0.88095,0.68519,0.79308,0.44004,1.22002,0.99375,2.05813,2.674e-05,2.674e-05,2.674e-05
150,77605.3,0.14786,0.09428,0.73746,0.88095,0.68519,0.79276,0.44375,1.21258,0.96166,2.05498,2.6245e-05,2.6245e-05,2.6245e-05
151,78091.6,0.13844,0.09152,0.73563,0.87805,0.66667,0.78581,0.44178,1.21093,0.91892,2.06396,2.575e-05,2.575e-05,2.575e-05
152,78581.9,0.14157,0.09239,0.73317,0.87805,0.66667,0.78478,0.43802,1.20608,0.94041,2.05963,2.5255e-05,2.5255e-05,2.5255e-05
153,79131.2,0.13717,0.08937,0.74177,0.86047,0.68519,0.77295,0.44255,1.20284,0.94408,2.05142,2.476e-05,2.476e-05,2.476e-05
154,79645.1,0.13949,0.09201,0.74396,0.86364,0.7037,0.77932,0.44306,1.20443,0.96091,2.05869,2.4265e-05,2.4265e-05,2.4265e-05
155,80138,0.14194,0.09373,0.74209,0.86667,0.72222,0.78655,0.43908,1.20834,0.97272,2.05942,2.377e-05,2.377e-05,2.377e-05
156,80646,0.13192,0.08844,0.71737,0.86364,0.7037,0.77676,0.43601,1.20653,0.97818,2.05158,2.3275e-05,2.3275e-05,2.3275e-05
157,81162.3,0.14098,0.09319,0.75188,0.88372,0.7037,0.78552,0.43583,1.21346,0.99441,2.05853,2.278e-05,2.278e-05,2.278e-05
158,81726.2,0.13672,0.09022,0.7563,0.88372,0.7037,0.78366,0.43616,1.21902,0.9913,2.06564,2.2285e-05,2.2285e-05,2.2285e-05
159,82169.6,0.13327,0.08676,0.71438,0.88372,0.7037,0.78288,0.43438,1.2161,0.99525,2.05996,2.179e-05,2.179e-05,2.179e-05
160,82667.1,0.13194,0.08603,0.7313,0.90698,0.72222,0.81135,0.43681,1.21633,1.00272,2.06427,2.1295e-05,2.1295e-05,2.1295e-05
161,83103.6,0.13415,0.0892,0.73486,0.90698,0.72222,0.81135,0.44085,1.22044,1.02998,2.07034,2.08e-05,2.08e-05,2.08e-05
162,83574.5,0.13369,0.08762,0.7546,0.90698,0.72222,0.80947,0.4379,1.2166,1.03384,2.06591,2.0305e-05,2.0305e-05,2.0305e-05
163,83960.3,0.13388,0.08969,0.74324,0.90698,0.72222,0.80818,0.43987,1.21632,1.03218,2.0685,1.981e-05,1.981e-05,1.981e-05
164,84420.4,0.12844,0.08527,0.73631,0.90698,0.72222,0.80792,0.43867,1.21667,1.04578,2.06941,1.9315e-05,1.9315e-05,1.9315e-05
165,84906.1,0.12705,0.08664,0.73464,0.90476,0.7037,0.79877,0.43223,1.21761,1.06253,2.07022,1.882e-05,1.882e-05,1.882e-05
166,85406.3,0.12789,0.08592,0.71989,0.90476,0.7037,0.79945,0.43215,1.21626,1.05161,2.06993,1.8325e-05,1.8325e-05,1.8325e-05
167,85880.8,0.12987,0.08688,0.74809,0.90476,0.7037,0.79877,0.43298,1.2177,1.05653,2.06553,1.783e-05,1.783e-05,1.783e-05
168,86421.4,0.12868,0.08913,0.7405,0.90476,0.7037,0.79985,0.43299,1.22025,1.07145,2.06569,1.7335e-05,1.7335e-05,1.7335e-05
169,86837.4,0.12255,0.08667,0.74199,0.90476,0.7037,0.79985,0.43333,1.22126,1.06958,2.06183,1.684e-05,1.684e-05,1.684e-05
170,87390.7,0.12669,0.08432,0.73207,0.90476,0.7037,0.8005,0.43396,1.21946,1.0755,2.05667,1.6345e-05,1.6345e-05,1.6345e-05
171,87825.6,0.11781,0.082,0.7329,0.90476,0.7037,0.8021,0.43559,1.21721,1.07363,2.05323,1.585e-05,1.585e-05,1.585e-05
172,88387.4,0.12225,0.08294,0.74034,0.90476,0.7037,0.80394,0.43493,1.21782,1.06195,2.06437,1.5355e-05,1.5355e-05,1.5355e-05
173,88953.6,0.12289,0.08578,0.74331,0.86047,0.68519,0.77457,0.43318,1.21575,1.05146,2.06225,1.486e-05,1.486e-05,1.486e-05
174,89509.3,0.12266,0.08173,0.74218,0.86047,0.68519,0.77451,0.42654,1.21693,1.04824,2.06645,1.4365e-05,1.4365e-05,1.4365e-05
175,90068.5,0.11722,0.08184,0.7228,0.86047,0.68519,0.77585,0.42678,1.21978,1.04356,2.06848,1.387e-05,1.387e-05,1.387e-05
176,90704,0.1272,0.08498,0.73618,0.86047,0.68519,0.77585,0.42593,1.22396,1.05161,2.0729,1.3375e-05,1.3375e-05,1.3375e-05
177,91233.2,0.11291,0.07797,0.71645,0.86047,0.68519,0.77663,0.4293,1.22644,1.04523,2.08001,1.288e-05,1.288e-05,1.288e-05
178,91817.9,0.11788,0.08217,0.74145,0.86047,0.68519,0.77752,0.42836,1.22709,1.0383,2.08431,1.2385e-05,1.2385e-05,1.2385e-05
179,92331.2,0.11469,0.07875,0.73066,0.86047,0.68519,0.77891,0.42856,1.2254,1.03226,2.0874,1.189e-05,1.189e-05,1.189e-05
180,92966,0.11922,0.0821,0.7443,0.85714,0.66667,0.76987,0.4251,1.22456,1.02796,2.09093,1.1395e-05,1.1395e-05,1.1395e-05
181,93481.9,0.1172,0.08138,0.73539,0.85714,0.66667,0.77078,0.42415,1.22402,1.02403,2.09275,1.09e-05,1.09e-05,1.09e-05
182,94042.2,0.10937,0.07688,0.72244,0.85714,0.66667,0.77078,0.42357,1.22466,1.03442,2.09453,1.0405e-05,1.0405e-05,1.0405e-05
183,94615.5,0.11691,0.08029,0.7386,0.85714,0.66667,0.77078,0.42237,1.22494,1.03451,2.09684,9.91e-06,9.91e-06,9.91e-06
184,95209.7,0.1139,0.07957,0.73865,0.85714,0.66667,0.77186,0.42311,1.2252,1.03346,2.10243,9.415e-06,9.415e-06,9.415e-06
185,95661.8,0.11353,0.08029,0.72812,0.86047,0.68519,0.7809,0.42758,1.22393,1.03314,2.10332,8.92e-06,8.92e-06,8.92e-06
186,96220.8,0.11131,0.07921,0.7165,0.88372,0.7037,0.80324,0.43324,1.22695,1.0431,2.10992,8.425e-06,8.425e-06,8.425e-06
187,96750.2,0.10925,0.07844,0.72508,0.88372,0.7037,0.80364,0.43295,1.22405,1.02905,2.10617,7.93e-06,7.93e-06,7.93e-06
188,97251.5,0.10962,0.07787,0.73172,0.88372,0.7037,0.80364,0.43227,1.22373,1.02746,2.11118,7.435e-06,7.435e-06,7.435e-06
189,97743.1,0.11693,0.08278,0.75409,0.88636,0.72222,0.8124,0.4336,1.22317,1.02708,2.11343,6.94e-06,6.94e-06,6.94e-06
190,98282.2,0.10841,0.07682,0.73156,0.88636,0.72222,0.8124,0.43429,1.22483,1.01928,2.11547,6.445e-06,6.445e-06,6.445e-06
191,98793.6,0.11113,0.07787,0.73713,0.88636,0.72222,0.81237,0.43543,1.22405,1.01375,2.11792,5.95e-06,5.95e-06,5.95e-06
192,99349.9,0.10792,0.07655,0.74049,0.88636,0.72222,0.8132,0.43614,1.2236,1.01048,2.11928,5.455e-06,5.455e-06,5.455e-06
193,99852.5,0.10567,0.077,0.7327,0.88889,0.74074,0.822,0.43982,1.22367,1.00529,2.12386,4.96e-06,4.96e-06,4.96e-06
194,100375,0.10725,0.07814,0.7285,0.88889,0.74074,0.822,0.43987,1.22196,1.00401,2.11991,4.465e-06,4.465e-06,4.465e-06
195,100821,0.10307,0.07328,0.71703,0.88889,0.74074,0.82125,0.43875,1.22133,1.00155,2.12313,3.97e-06,3.97e-06,3.97e-06
196,101279,0.10776,0.07712,0.73836,0.88889,0.74074,0.82038,0.43776,1.22187,1.00271,2.12527,3.475e-06,3.475e-06,3.475e-06
197,101766,0.11115,0.07892,0.72768,0.88889,0.74074,0.82092,0.43691,1.22344,0.99985,2.12798,2.98e-06,2.98e-06,2.98e-06
198,102267,0.10722,0.07486,0.72525,0.88889,0.74074,0.82092,0.43671,1.22334,1.0017,2.12876,2.485e-06,2.485e-06,2.485e-06
199,102721,0.1061,0.0764,0.7404,0.88889,0.74074,0.82092,0.4368,1.2237,0.99863,2.13077,1.99e-06,1.99e-06,1.99e-06
200,103200,0.10764,0.07586,0.74165,0.88889,0.74074,0.82092,0.43715,1.22408,1.00034,2.13264,1.495e-06,1.495e-06,1.495e-06
